Bug编号,所属产品,所属模块,所属项目,相关需求,相关任务,Bug标题,关键词,严重程度,优先级,Bug类型,操作系统,浏览器,重现步骤,Bug状态,截止日期,激活次数,是否确认,抄送给,由谁创建,创建日期,影响版本,指派给,指派日期,解决者,解决方案,解决版本,解决日期,由谁关闭,关闭日期,重复ID,相关Bug,相关用例,最后修改者,修改日期,附件
163,停哪儿共享车位(#1),/平台方/订单管理(#51),停哪儿共享车位测试(#1),,,根据订单状态进行查询订单信息,,2,2,代码错误,Windows 7,chrome,"[前置条件]
1.系统部署成功
2.平台方登录成功
3.页面显示正常[步骤]
[结果]
[期望]
",激活,2021/1/14,0,否,,贾建文,2021/1/13 18:02,主干(#trunk),蔡徐坤,2021/1/13 18:02,,,,0000-00-00 00:00:00,,0000-00-00 00:00:00,0,,根据订单状态进行查询订单信息(345),,0000-00-00 00:00:00,
162,停哪儿共享车位(#1),/平台方/订单管理(#51),停哪儿共享车位测试(#1),,,在查看订单中进行修改订单状态,,2,2,代码错误,Windows 7,chrome,"[前置条件]
1.系统部署成功
2.平台方登录成功
3.页面显示正常[步骤]
[结果]
[期望]
",激活,2021/1/14,0,否,,贾建文,2021/1/13 18:01,主干(#trunk),蔡徐坤,2021/1/13 18:01,,,,0000-00-00 00:00:00,,0000-00-00 00:00:00,0,,在查看订单中进行修改订单状态(344),,0000-00-00 00:00:00,
161,停哪儿共享车位(#1),/平台方/订单管理(#51),停哪儿共享车位测试(#1),,,在查看订单中进行修改订单状态,,2,2,代码错误,Windows 7,chrome,"[前置条件]
1.系统部署成功
2.平台方登录成功
3.页面显示正常[步骤]
[结果]
[期望]
",激活,2021/1/14,0,否,,贾建文,2021/1/13 18:00,主干(#trunk),蔡徐坤,2021/1/13 18:00,,,,0000-00-00 00:00:00,,0000-00-00 00:00:00,0,,在查看订单中进行修改订单状态(346),,0000-00-00 00:00:00,
160,停哪儿共享车位(#1),/平台方/订单管理(#51),停哪儿共享车位测试(#1),,,在查看订单中进行修改订单状态,,2,2,代码错误,Windows 7,chrome,"[前置条件]
1.系统部署成功
2.平台方登录成功
3.页面显示正常[步骤]
[结果]
[期望]
",激活,2021/1/14,0,否,,贾建文,2021/1/13 18:00,主干(#trunk),蔡徐坤,2021/1/13 18:00,,,,0000-00-00 00:00:00,,0000-00-00 00:00:00,0,,在查看订单中进行修改订单状态(347),,0000-00-00 00:00:00,
159,停哪儿共享车位(#1),/平台方/账户管理(#52),停哪儿共享车位测试(#1),,,在账户查看模块中修改账户状态,,2,2,代码错误,Windows 7,chrome,"[前置条件]
1.系统部署成功
2.平台方登录成功
3.页面显示正常[步骤]
[结果]
[期望]
",激活,2021/1/14,0,否,,贾建文,2021/1/13 17:59,主干(#trunk),蔡徐坤,2021/1/13 17:59,,,,0000-00-00 00:00:00,,0000-00-00 00:00:00,0,,在账户查看模块中修改账户状态(350),,0000-00-00 00:00:00,
158,停哪儿共享车位(#1),/平台方/账户管理(#52),停哪儿共享车位测试(#1),,,在账户查看模块中修改账户余额,,2,2,代码错误,Windows 7,chrome,"[前置条件]
1.系统部署成功
2.平台方登录成功
3.页面显示正常[步骤]
[结果]
[期望]
",激活,2021/1/14,0,否,,贾建文,2021/1/13 17:58,主干(#trunk),蔡徐坤,2021/1/13 17:58,,,,0000-00-00 00:00:00,,0000-00-00 00:00:00,0,,在账户查看模块中修改账户余额(352),,0000-00-00 00:00:00,
157,停哪儿共享车位(#1),/平台方/日志管理(#53),停哪儿共享车位测试(#1),,,在日志查看中用用户编号查询,,3,3,代码错误,Windows 7,chrome,"[前置条件]
1.系统部署成功
2.平台方登录成功
3.页面显示正常[步骤]
[结果]
[期望]
",激活,2021/1/14,0,否,,贾建文,2021/1/13 17:58,主干(#trunk),蔡徐坤,2021/1/13 17:58,,,,0000-00-00 00:00:00,,0000-00-00 00:00:00,0,,在日志查看中用用户编号查询(355),,0000-00-00 00:00:00,
156,停哪儿共享车位(#1),/平台方/用户管理(#50),停哪儿共享车位测试(#1),,,在出租方模块中进行姓名的模糊查询验证,,2,2,代码错误,Windows 7,chrome,"[前置条件]
1.系统部署成功
2.平台方登录成功
3.页面显示正常[步骤]
[结果]
[期望]
",激活,2021/1/14,0,否,,贾建文,2021/1/13 17:57,主干(#trunk),蔡徐坤,2021/1/13 17:57,,,,0000-00-00 00:00:00,,0000-00-00 00:00:00,0,,在出租方模块中进行姓名的模糊查询验证(317),,0000-00-00 00:00:00,
155,停哪儿共享车位(#1),/平台方/用户管理(#50),停哪儿共享车位测试(#1),,,在出租方模块中进行姓名的模糊查询验证,,2,2,代码错误,Windows 7,chrome,"[前置条件]
1.系统部署成功
2.平台方登录成功
3.页面显示正常[步骤]
[结果]
[期望]
",激活,2021/1/14,0,否,,贾建文,2021/1/13 17:56,主干(#trunk),蔡徐坤,2021/1/13 17:56,,,,0000-00-00 00:00:00,,0000-00-00 00:00:00,0,,在出租方模块中进行姓名的模糊查询验证(322),,0000-00-00 00:00:00,
154,停哪儿共享车位(#1),/平台方/用户管理(#50),停哪儿共享车位测试(#1),,,在出租方模块中进行姓名的模糊查询验证,,2,2,代码错误,Windows 7,chrome,"[前置条件]
1.系统部署成功
2.平台方登录成功
3.页面显示正常[步骤]
[结果]
[期望]
",激活,2021/1/14,0,否,,贾建文,2021/1/13 17:55,主干(#trunk),蔡徐坤,2021/1/13 17:55,,,,0000-00-00 00:00:00,,0000-00-00 00:00:00,0,,在出租方模块中进行姓名的模糊查询验证(324),,0000-00-00 00:00:00,
153,停哪儿共享车位(#1),/平台方/用户管理(#50),停哪儿共享车位测试(#1),,,在出租方模块中进行姓名的模糊查询验证,,2,2,代码错误,Windows 7,chrome,"[前置条件]
1.系统部署成功
2.平台方登录成功
3.页面显示正常[步骤]
[结果]
[期望]
",激活,2021/1/14,0,否,,贾建文,2021/1/13 17:54,主干(#trunk),蔡徐坤,2021/1/13 17:54,,,,0000-00-00 00:00:00,,0000-00-00 00:00:00,0,,在出租方模块中进行姓名的模糊查询验证(324),,0000-00-00 00:00:00,
152,停哪儿共享车位(#1),/平台方/用户管理(#50),停哪儿共享车位测试(#1),,,在出租方模块中进行用用户电话的修改验证,,2,2,代码错误,Windows 7,chrome,"[前置条件]
1.系统部署成功
2.平台方登录成功
3.页面显示正常[步骤]
[结果]
[期望]
",激活,2021/1/14,0,否,,贾建文,2021/1/13 17:54,主干(#trunk),蔡徐坤,2021/1/13 17:54,,,,0000-00-00 00:00:00,,0000-00-00 00:00:00,0,,在出租方模块中进行用用户电话的修改验证(325),,0000-00-00 00:00:00,
151,停哪儿共享车位(#1),/平台方/用户管理(#50),停哪儿共享车位测试(#1),,,在出租方模块中进行用用户电话的修改验证,,3,3,代码错误,Windows 7,chrome,"[前置条件]
1.系统部署成功
2.平台方登录成功
3.页面显示正常[步骤]
[结果]
[期望]
",激活,2021/1/14,0,否,,贾建文,2021/1/13 17:53,主干(#trunk),蔡徐坤,2021/1/13 17:53,,,,0000-00-00 00:00:00,,0000-00-00 00:00:00,0,,在出租方模块中进行用用户电话的修改验证(326),,0000-00-00 00:00:00,
150,停哪儿共享车位(#1),/平台方/用户管理(#50),停哪儿共享车位测试(#1),,,在出租方模块中进行用用户电话的修改验证,,2,2,代码错误,Windows 7,chrome,"[前置条件]
1.系统部署成功
2.平台方登录成功
3.页面显示正常[步骤]
[结果]
[期望]
",激活,2021/1/14,0,否,,贾建文,2021/1/13 17:52,主干(#trunk),蔡徐坤,2021/1/13 17:52,,,,0000-00-00 00:00:00,,0000-00-00 00:00:00,0,,在出租方模块中进行用用户电话的修改验证(327),,0000-00-00 00:00:00,
149,停哪儿共享车位(#1),/平台方/用户管理(#50),停哪儿共享车位测试(#1),,,在出租方模块中进行用用户电话的修改验证,,2,2,代码错误,Windows 7,chrome,"[前置条件]
1.系统部署成功
2.平台方登录成功
3.页面显示正常[步骤]
[结果]
[期望]
",激活,2021/1/14,0,否,,贾建文,2021/1/13 17:51,主干(#trunk),蔡徐坤,2021/1/13 17:51,,,,0000-00-00 00:00:00,,0000-00-00 00:00:00,0,,在出租方模块中进行用用户电话的修改验证(328),,0000-00-00 00:00:00,
148,停哪儿共享车位(#1),/平台方/用户管理(#50),停哪儿共享车位测试(#1),,,在出租方模块中进行用用户电话的修改验证,,2,2,代码错误,Windows 7,chrome,"[前置条件]
1.系统部署成功
2.平台方登录成功
3.页面显示正常[步骤]
[结果]
[期望]
",激活,2021/1/14,0,否,,贾建文,2021/1/13 17:51,主干(#trunk),蔡徐坤,2021/1/13 17:51,,,,0000-00-00 00:00:00,,0000-00-00 00:00:00,0,,在出租方模块中进行用用户电话的修改验证(329),,0000-00-00 00:00:00,
147,停哪儿共享车位(#1),/平台方/用户管理(#50),停哪儿共享车位测试(#1),,,在出租方模块中进行电话的模糊查询验证,,2,2,代码错误,Windows 7,chrome,"[前置条件]
1.系统部署成功
2.平台方登录成功
3.页面显示正常[步骤]
[结果]
[期望]
",激活,2021/1/14,0,否,,贾建文,2021/1/13 17:44,主干(#trunk),蔡徐坤,2021/1/13 17:44,,,,0000-00-00 00:00:00,,0000-00-00 00:00:00,0,,在出租方模块中进行电话的模糊查询验证(332),,0000-00-00 00:00:00,
146,停哪儿共享车位(#1),/平台方/用户管理(#50),停哪儿共享车位测试(#1),,,在出租方模块中进行电话的模糊查询验证,,2,2,代码错误,Windows 7,chrome,"[前置条件]
1.系统部署成功
2.平台方登录成功
3.页面显示正常[步骤]
[结果]
[期望]
",激活,2021/1/14,0,否,,贾建文,2021/1/13 17:43,主干(#trunk),蔡徐坤,2021/1/13 17:43,,,,0000-00-00 00:00:00,,0000-00-00 00:00:00,0,,在出租方模块中进行电话的模糊查询验证(333),,0000-00-00 00:00:00,
145,停哪儿共享车位(#1),/平台方/用户管理(#50),停哪儿共享车位测试(#1),,,在出租方模块中进行电话的模糊查询验证,,2,2,代码错误,Windows 7,chrome,"[前置条件]
1.系统部署成功
2.平台方登录成功
3.页面显示正常[步骤]
[结果]
[期望]
",激活,2021/1/14,0,否,,贾建文,2021/1/13 17:42,主干(#trunk),蔡徐坤,2021/1/13 17:42,,,,0000-00-00 00:00:00,,0000-00-00 00:00:00,0,,在出租方模块中进行电话的模糊查询验证(334),,0000-00-00 00:00:00,
144,停哪儿共享车位(#1),/平台方/用户管理(#50),停哪儿共享车位测试(#1),,,在出租方模块中进行电话的模糊查询验证,,2,2,代码错误,Windows 7,chrome,"[前置条件]
1.系统部署成功
2.平台方登录成功
3.页面显示正常[步骤]
[结果]
[期望]
",激活,2021/1/14,0,否,,贾建文,2021/1/13 17:41,主干(#trunk),蔡徐坤,2021/1/13 17:41,,,,0000-00-00 00:00:00,,0000-00-00 00:00:00,0,,在出租方模块中进行电话的模糊查询验证(335),,0000-00-00 00:00:00,
143,停哪儿共享车位(#1),/平台方/车辆相关(#48),停哪儿共享车位测试(#1),,,在车位管理中查询车位信息之根据位置id查询,,2,2,代码错误,Windows 7,chrome,"[前置条件]
1.系统部署成功
2.平台方登录成功
3.页面显示正常[步骤]
[结果]
[期望]
",激活,2021/1/14,0,否,,贾建文,2021/1/13 17:40,主干(#trunk),蔡徐坤,2021/1/13 17:40,,,,0000-00-00 00:00:00,,0000-00-00 00:00:00,0,,在车位管理中查询车位信息之根据位置id查询(296),,0000-00-00 00:00:00,
142,停哪儿共享车位(#1),/平台方/车辆相关(#48),停哪儿共享车位测试(#1),,,在车位管理中查询车位信息之根据车位状态查询,,1,1,代码错误,Windows 7,chrome,"[前置条件]
1.系统部署成功
2.平台方登录成功
3.页面显示正常[步骤]
[结果]
[期望]
",激活,2021/1/14,0,否,,贾建文,2021/1/13 17:39,主干(#trunk),蔡徐坤,2021/1/13 17:39,,,,0000-00-00 00:00:00,,0000-00-00 00:00:00,0,,在车位管理中查询车位信息之根据车位状态查询(309),,0000-00-00 00:00:00,
141,停哪儿共享车位(#1),/平台方/审核管理(#49),停哪儿共享车位测试(#1),,,在订单投诉中进行一键审批所选的验证,,1,1,代码错误,Windows 7,chrome,"[前置条件]
1.系统部署成功
2.平台方登录成功
3.页面显示正常[步骤]
[结果]
[期望]
",激活,2021/1/14,0,否,,贾建文,2021/1/13 17:39,主干(#trunk),蔡徐坤,2021/1/13 17:39,,,,0000-00-00 00:00:00,,0000-00-00 00:00:00,0,,在订单投诉中进行一键审批所选的验证(311),,0000-00-00 00:00:00,
140,停哪儿共享车位(#1),/平台方/审核管理(#49),停哪儿共享车位测试(#1),,,在物业审核中进行一键审批所选的验证,,1,1,代码错误,Windows 7,chrome,"[前置条件]
1.系统部署成功
2.平台方登录成功
3.页面显示正常[步骤]
[结果]
[期望]
",激活,2021/1/14,0,否,,贾建文,2021/1/13 17:38,主干(#trunk),蔡徐坤,2021/1/13 17:38,,,,0000-00-00 00:00:00,,0000-00-00 00:00:00,0,,在物业审核中进行一键审批所选的验证(312),,0000-00-00 00:00:00,
139,停哪儿共享车位(#1),/平台方/审核管理(#49),停哪儿共享车位测试(#1),,,在车位审核中进行一键审批所选的验证,,3,3,代码错误,Windows 7,chrome,"[前置条件]
1.系统部署成功
2.平台方登录成功
3.页面显示正常[步骤]
[结果]
[期望]
",激活,2021/1/14,0,否,,贾建文,2021/1/13 17:37,主干(#trunk),蔡徐坤,2021/1/13 17:37,,,,0000-00-00 00:00:00,,0000-00-00 00:00:00,0,,在车位审核中进行一键审批所选的验证(313),,0000-00-00 00:00:00,
138,停哪儿共享车位(#1),/平台方/车辆相关(#48),停哪儿共享车位测试(#1),,,在车位管理中修改车位信息之修改详细地址验证,,2,2,代码错误,Windows 7,chrome,"[前置条件]
1.系统部署成功
2.平台方登录成功
3.页面显示正常[步骤]
[结果]
[期望]
",激活,2021/1/14,0,否,,贾建文,2021/1/13 17:36,主干(#trunk),蔡徐坤,2021/1/13 17:36,,,,0000-00-00 00:00:00,,0000-00-00 00:00:00,0,,在车位管理中修改车位信息之修改详细地址验证(278),,0000-00-00 00:00:00,
137,停哪儿共享车位(#1),/平台方/车辆相关(#48),停哪儿共享车位测试(#1),,,在车位管理中修改车位信息之修改详细地址验证,,3,3,代码错误,Windows 7,chrome,"[前置条件]
1.系统部署成功
2.平台方登录成功
3.页面显示正常[步骤]
[结果]
[期望]
",激活,2021/1/14,0,否,,贾建文,2021/1/13 17:35,主干(#trunk),蔡徐坤,2021/1/13 17:35,,,,0000-00-00 00:00:00,,0000-00-00 00:00:00,0,,在车位管理中修改车位信息之修改详细地址验证(279),,0000-00-00 00:00:00,
136,停哪儿共享车位(#1),/平台方/车辆相关(#48),停哪儿共享车位测试(#1),,,在车位管理中修改车位信息之修改车位状态验证,,2,2,代码错误,Windows 7,chrome,"[前置条件]
1.系统部署成功
2.平台方登录成功
3.页面显示正常[步骤]
[结果]
[期望]
",激活,2021/1/14,0,否,,贾建文,2021/1/13 17:34,主干(#trunk),蔡徐坤,2021/1/13 17:34,,,,0000-00-00 00:00:00,,0000-00-00 00:00:00,0,,在车位管理中修改车位信息之修改车位状态验证(286),,0000-00-00 00:00:00,
135,停哪儿共享车位(#1),/平台方/车辆相关(#48),停哪儿共享车位测试(#1),,,在车位管理中修改车位信息之修改车位状态验证,,2,2,代码错误,Windows 7,chrome,"[前置条件]
1.系统部署成功
2.平台方登录成功
3.页面显示正常[步骤]
[结果]
[期望]
",激活,2021/1/14,0,否,,贾建文,2021/1/13 17:33,主干(#trunk),蔡徐坤,2021/1/13 17:33,,,,0000-00-00 00:00:00,,0000-00-00 00:00:00,0,,在车位管理中修改车位信息之修改车位状态验证(287),,0000-00-00 00:00:00,
134,停哪儿共享车位(#1),/平台方/车辆相关(#48),停哪儿共享车位测试(#1),,,在车位管理中修改车位信息之修改车位状态验证,,1,1,代码错误,Windows 7,chrome,"[前置条件]
1.系统部署成功
2.平台方登录成功
3.页面显示正常[步骤]
[结果]
[期望]
",激活,2021/1/14,0,否,,贾建文,2021/1/13 17:33,主干(#trunk),蔡徐坤,2021/1/13 17:33,,,,0000-00-00 00:00:00,,0000-00-00 00:00:00,0,,在车位管理中修改车位信息之修改车位状态验证(288),,0000-00-00 00:00:00,
133,停哪儿共享车位(#1),/平台方/车辆相关(#48),停哪儿共享车位测试(#1),,,在车位管理中修改车位信息之修该车位号验证,,1,1,代码错误,Windows 7,chrome,"[前置条件]
1.系统部署成功
2.平台方登录成功
3.页面显示正常[步骤]
[结果]
[期望]
",激活,2021/1/14,0,否,,贾建文,2021/1/13 17:32,主干(#trunk),蔡徐坤,2021/1/13 17:32,,,,0000-00-00 00:00:00,,0000-00-00 00:00:00,0,,在车位管理中修改车位信息之修该车位号验证(291),,0000-00-00 00:00:00,
132,停哪儿共享车位(#1),/平台方/车辆相关(#48),停哪儿共享车位测试(#1),,,勾选多条信息点击修改验证验证,,1,1,代码错误,Windows 7,chrome,"[前置条件]
1.系统部署成功
2.平台方登录成功
3.页面显示正常[步骤]
[结果]
[期望]
",激活,2021/1/14,0,否,,贾建文,2021/1/13 17:31,主干(#trunk),蔡徐坤,2021/1/13 17:31,,,,0000-00-00 00:00:00,,0000-00-00 00:00:00,0,,勾选多条信息点击修改验证验证(293),,0000-00-00 00:00:00,
131,停哪儿共享车位(#1),/平台方/车辆相关(#48),停哪儿共享车位测试(#1),,,在车位管理中查询车位信息之根据位置id查询,,1,1,代码错误,Windows 7,chrome,"[前置条件]
1.系统部署成功
2.平台方登录成功
3.页面显示正常[步骤]
[结果]
[期望]
",激活,2021/1/14,0,否,,贾建文,2021/1/13 17:30,主干(#trunk),蔡徐坤,2021/1/13 17:30,,,,0000-00-00 00:00:00,,0000-00-00 00:00:00,0,,在车位管理中查询车位信息之根据位置id查询(295),,0000-00-00 00:00:00,
130,停哪儿共享车位(#1),/平台方/车辆相关(#48),停哪儿共享车位测试(#1),,,在车位管理中增加车位信息，各输入框验证之车位号验证,,3,3,代码错误,Windows 7,chrome,"[前置条件]
1.系统部署成功
2.平台方登录成功
3.页面显示正常[步骤]
[结果]
[期望]
",激活,2021/1/14,0,否,,贾建文,2021/1/13 17:20,主干(#trunk),蔡徐坤,2021/1/13 17:20,,,,0000-00-00 00:00:00,,0000-00-00 00:00:00,0,,在车位管理中增加车位信息，各输入框验证之车位号验证(258),,0000-00-00 00:00:00,
129,停哪儿共享车位(#1),/平台方/车辆相关(#48),停哪儿共享车位测试(#1),,,在车位管理中增加车位信息，各输入框验证之车位号验证,,3,3,代码错误,Windows 7,chrome,"[前置条件]
1.系统部署成功
2.平台方登录成功
3.页面显示正常[步骤]
[结果]
[期望]
",激活,2021/1/14,0,否,,贾建文,2021/1/13 17:19,主干(#trunk),蔡徐坤,2021/1/13 17:19,,,,0000-00-00 00:00:00,,0000-00-00 00:00:00,0,,在车位管理中增加车位信息，各输入框验证之车位号验证(259),,0000-00-00 00:00:00,
128,停哪儿共享车位(#1),/平台方/车辆相关(#48),停哪儿共享车位测试(#1),,,在车位管理中增加车位信息，各输入框验证之车位号验证,,3,3,代码错误,Windows 7,chrome,"[前置条件]
1.系统部署成功
2.平台方登录成功
3.页面显示正常[步骤]
[结果]
[期望]
",激活,2021/1/14,0,否,,贾建文,2021/1/13 17:18,主干(#trunk),蔡徐坤,2021/1/13 17:18,,,,0000-00-00 00:00:00,,0000-00-00 00:00:00,0,,在车位管理中增加车位信息，各输入框验证之车位号验证(260),,0000-00-00 00:00:00,
127,停哪儿共享车位(#1),/平台方/车辆相关(#48),停哪儿共享车位测试(#1),,,在车位管理中删除车位信息,,2,2,代码错误,Windows 7,chrome,"[前置条件]
1.系统部署成功
2.平台方登录成功
3.页面显示正常[步骤]
[结果]
[期望]
",激活,2021/1/14,0,否,,贾建文,2021/1/13 17:18,主干(#trunk),蔡徐坤,2021/1/13 17:18,,,,0000-00-00 00:00:00,,0000-00-00 00:00:00,0,,在车位管理中删除车位信息(262),,0000-00-00 00:00:00,
126,停哪儿共享车位(#1),/平台方/车辆相关(#48),停哪儿共享车位测试(#1),,,在车位管理中增加车位信息，各输入框验证之车位号验证,,2,2,代码错误,Windows 7,chrome,"[前置条件]
1.系统部署成功
2.平台方登录成功
3.页面显示正常[步骤]
[结果]
[期望]
",激活,2021/1/14,0,否,,贾建文,2021/1/13 17:16,主干(#trunk),蔡徐坤,2021/1/13 17:16,,,,0000-00-00 00:00:00,,0000-00-00 00:00:00,0,,在车位管理中增加车位信息，各输入框验证之车位号验证(257),,0000-00-00 00:00:00,
125,停哪儿共享车位(#1),/平台方/车辆相关(#48),停哪儿共享车位测试(#1),,,在车位管理中删除车位信息,,2,2,代码错误,Windows 7,chrome,"[前置条件]
1.系统部署成功
2.平台方登录成功
3.页面显示正常[步骤]
[结果]
[期望]
",激活,2021/1/14,0,否,,贾建文,2021/1/13 17:15,主干(#trunk),蔡徐坤,2021/1/13 17:15,,,,0000-00-00 00:00:00,,0000-00-00 00:00:00,0,,在车位管理中删除车位信息(263),,0000-00-00 00:00:00,
124,停哪儿共享车位(#1),/平台方/车辆相关(#48),停哪儿共享车位测试(#1),,,在车位管理中删除车位信息,,1,1,代码错误,Windows 7,chrome,"[前置条件]
1.系统部署成功
2.平台方登录成功
3.页面显示正常[步骤]
[结果]
[期望]
",激活,2021/1/14,0,否,,贾建文,2021/1/13 17:14,主干(#trunk),蔡徐坤,2021/1/13 17:14,,,,0000-00-00 00:00:00,,0000-00-00 00:00:00,0,,在车位管理中删除车位信息(264),,0000-00-00 00:00:00,
123,停哪儿共享车位(#1),/平台方/车辆相关(#48),停哪儿共享车位测试(#1),,,在车位管理中修改车位信息之修改车位大小id验证,,1,1,代码错误,Windows 7,chrome,"[前置条件]
1.系统部署成功
2.平台方登录成功
3.页面显示正常[步骤]
[结果]
[期望]
",激活,2021/1/14,0,否,,贾建文,2021/1/13 17:13,主干(#trunk),蔡徐坤,2021/1/13 17:13,,,,0000-00-00 00:00:00,,0000-00-00 00:00:00,0,,在车位管理中修改车位信息之修改车位大小id验证(269),,0000-00-00 00:00:00,
122,停哪儿共享车位(#1),/平台方/车辆相关(#48),停哪儿共享车位测试(#1),,,在车位管理中修改车位信息之修改车位大小id验证,,2,2,代码错误,Windows 7,chrome,"[前置条件]
1.系统部署成功
2.平台方登录成功
3.页面显示正常[步骤]
[结果]
[期望]
",激活,2021/1/14,0,否,,贾建文,2021/1/13 17:12,主干(#trunk),蔡徐坤,2021/1/13 17:12,,,,0000-00-00 00:00:00,,0000-00-00 00:00:00,0,,在车位管理中修改车位信息之修改车位大小id验证(270),,0000-00-00 00:00:00,
121,停哪儿共享车位(#1),/平台方/车辆相关(#48),停哪儿共享车位测试(#1),,,在车位管理中修改车位信息之修改车位大小id验证,,3,2,代码错误,Windows 7,chrome,"[前置条件]
1.系统部署成功
2.平台方登录成功
3.页面显示正常[步骤]
[结果]
[期望]
",激活,2021/1/14,0,否,,贾建文,2021/1/13 17:10,主干(#trunk),蔡徐坤,2021/1/13 17:10,,,,0000-00-00 00:00:00,,0000-00-00 00:00:00,0,,在车位管理中修改车位信息之修改车位大小id验证(273),,0000-00-00 00:00:00,
120,停哪儿共享车位(#1),/平台方/车辆相关(#48),停哪儿共享车位测试(#1),,,在车位管理中修改车位信息之修改车位大小id验证,,3,2,代码错误,Windows 7,chrome,"[前置条件]
1.系统部署成功
2.平台方登录成功
3.页面显示正常[步骤]
[结果]
[期望]
",激活,2021/1/14,0,否,,贾建文,2021/1/13 17:09,主干(#trunk),蔡徐坤,2021/1/13 17:09,,,,0000-00-00 00:00:00,,0000-00-00 00:00:00,0,,在车位管理中修改车位信息之修改车位大小id验证(274),,0000-00-00 00:00:00,
119,停哪儿共享车位(#1),/平台方/车辆相关(#48),停哪儿共享车位测试(#1),,,在车位管理中增加车位信息，各输入框验证之车位大小id验证,,3,3,代码错误,Windows 7,chrome,"[前置条件]
1.系统部署成功
2.平台方登录成功
3.页面显示正常[步骤]
[结果]
[期望]
",激活,2021/1/14,0,否,,贾建文,2021/1/13 17:07,主干(#trunk),蔡徐坤,2021/1/13 17:07,,,,0000-00-00 00:00:00,,0000-00-00 00:00:00,0,,在车位管理中增加车位信息，各输入框验证之车位大小id验证(243),,0000-00-00 00:00:00,
118,停哪儿共享车位(#1),/平台方/车辆相关(#48),停哪儿共享车位测试(#1),,,在车位管理中增加车位信息，各输入框验证之车位大小id验证,,3,2,代码错误,Windows 7,chrome,"[前置条件]
1.系统部署成功
2.平台方登录成功
3.页面显示正常[步骤]
[结果]
[期望]
",激活,2021/1/14,0,否,,贾建文,2021/1/13 17:06,主干(#trunk),蔡徐坤,2021/1/13 17:06,,,,0000-00-00 00:00:00,,0000-00-00 00:00:00,0,,在车位管理中增加车位信息，各输入框验证之车位大小id验证(244),,0000-00-00 00:00:00,
117,停哪儿共享车位(#1),/平台方/车辆相关(#48),停哪儿共享车位测试(#1),,,在车位管理中增加车位信息，各输入框验证之详细地址验证,,3,3,代码错误,Windows 7,chrome,"[前置条件]
1.系统部署成功
2.平台方登录成功
3.页面显示正常[步骤]
[结果]
[期望]
",激活,2021/1/14,0,否,,贾建文,2021/1/13 17:05,主干(#trunk),蔡徐坤,2021/1/13 17:05,,,,0000-00-00 00:00:00,,0000-00-00 00:00:00,0,,在车位管理中增加车位信息，各输入框验证之详细地址验证(248),,0000-00-00 00:00:00,
116,停哪儿共享车位(#1),/平台方/车辆相关(#48),停哪儿共享车位测试(#1),,,在车位管理中增加车位信息，各输入框验证之车位状态验证,,3,1,代码错误,,,"[前置条件]
1.系统部署成功
2.平台方登录成功
3.页面显示正常[步骤]
[结果]
[期望]
",激活,2021/1/13,0,否,,贾建文,2021/1/13 17:04,主干(#trunk),蔡徐坤,2021/1/13 17:04,,,,0000-00-00 00:00:00,,0000-00-00 00:00:00,0,,在车位管理中增加车位信息，各输入框验证之车位状态验证(250),,0000-00-00 00:00:00,
115,停哪儿共享车位(#1),/平台方/车辆相关(#48),停哪儿共享车位测试(#1),,,在车位管理中增加车位信息，各输入框验证之车位状态验证,,3,2,代码错误,Windows 7,chrome,"[前置条件]
1.系统部署成功
2.平台方登录成功
3.页面显示正常
[步骤]

[结果]

[期望]

",激活,0000-00-00,0,否,,贾建文,2021/1/13 17:03,主干(#trunk),蔡徐坤,2021/1/13 17:03,,,,0000-00-00 00:00:00,,0000-00-00 00:00:00,0,,在车位管理中增加车位信息，各输入框验证之车位状态验证(252),,0000-00-00 00:00:00,
114,停哪儿共享车位(#1),/抢租客/我的/账户历史操作(#26),停哪儿共享车位测试(#1),,,验证搜索交易下的每页展示数及跳转指定页按钮,,3,3,代码错误,Windows 10,chrome,"[前置条件]
位于搜索交易界面[步骤]1. 每条显示数输入5
2. 点击go
3. 选择跳转第4页
4. 点击go
[结果]1. 	输入成功
2. 	跳转失败
3. 	选择成功
4. 	跳转成功
[期望]1. 输入成功
2. 跳转成功
3. 选择成功
4. 跳转成功
",激活,2021/1/23,0,否,,石文星,2021/1/13 16:11,主干(#trunk),蔡徐坤,2021/1/13 16:11,,,,0000-00-00 00:00:00,,0000-00-00 00:00:00,0,,验证搜索交易下的每页展示数及跳转指定页按钮(361),,0000-00-00 00:00:00,
113,停哪儿共享车位(#1),/抢租客/我的/账户历史操作(#26),停哪儿共享车位测试(#1),,,验证搜索交易下的每页展示数及跳转指定页按钮,,3,3,代码错误,Windows 10,chrome,"[前置条件]
位于搜索交易界面[步骤]1. 每条显示数输入5
2. 点击go
[结果]1. 输入成功
2. 跳转失败
[期望]1. 输入成功
2. 跳转成功
",激活,2021/1/23,0,否,,石文星,2021/1/13 16:07,主干(#trunk),蔡徐坤,2021/1/13 16:07,,,,0000-00-00 00:00:00,,0000-00-00 00:00:00,0,,验证搜索交易下的每页展示数及跳转指定页按钮(361),,0000-00-00 00:00:00,
112,停哪儿共享车位(#1),/抢租客/我的/账户历史操作(#26),停哪儿共享车位测试(#1),,,验证历史操作依日期搜索,,3,3,代码错误,Windows 10,chrome,"[前置条件]
位于历史操作界面[步骤]1. 点击历史操作
2. 选择2021/01/01-2021/01/13
3. 点击搜索
[结果]1. 	点击成功
2. 	点击成功
3. 点击搜索无反应
[期望]1. 点击成功
2. 选择成功
3. 搜索成功
",激活,2021/1/23,0,否,,石文星,2021/1/13 16:03,主干(#trunk),蔡徐坤,2021/1/13 16:03,,,,0000-00-00 00:00:00,,0000-00-00 00:00:00,0,,验证历史操作依日期搜索(360),,0000-00-00 00:00:00,
111,停哪儿共享车位(#1),/抢租客/历史记录/查看历史订单(#16),停哪儿共享车位测试(#1),,,验证历史订单是否可依各栏位排序,,3,3,代码错误,Windows 10,chrome,"[前置条件]
位于历史订单界面[步骤]1. 点击第一行的各栏位的排序按钮
2. 查看
[结果]1. 无排序按钮
2. 无排序按钮
[期望]1. 点击成功
2. 订单顺序改变
",激活,2021/1/23,0,否,,石文星,2021/1/13 15:56,主干(#trunk),蔡徐坤,2021/1/13 15:56,,,,0000-00-00 00:00:00,,0000-00-00 00:00:00,0,,验证历史订单是否可依各栏位排序(357),,0000-00-00 00:00:00,
110,停哪儿共享车位(#1),/抢租客/我的/修改个人信息(#22),停哪儿共享车位测试(#1),,,验证更改信息后是否有修改结果弹窗,,3,3,代码错误,Windows 10,chrome,"[前置条件]
位于我的界面[步骤]1. 点击更改信息
2. 修改手机号15601588024到15601588025
3. 点击确认
4. 出现更改结果弹窗
[结果]1. 	点击成功
2. 	点击成功
3. 	点击成功
4. 	未出现弹窗
[期望]1. 点击成功
2. 输入正常
3. 点击成功
4. 出现弹窗
",激活,2021/1/23,0,否,,石文星,2021/1/13 15:52,主干(#trunk),蔡徐坤,2021/1/13 15:52,,,,0000-00-00 00:00:00,,0000-00-00 00:00:00,0,,验证更改信息后是否有修改结果弹窗(356),,0000-00-00 00:00:00,
109,停哪儿共享车位(#1),/抢租客/我的/修改个人信息(#22),停哪儿共享车位测试(#1),,,手机号弹框的输入内容验证,,3,3,代码错误,Windows 10,chrome,"[前置条件]
账号：抢租客0
密码：123
已登录
位于我的-更改信息界面[步骤]1. 点击更改信息
2. 将15601588025改为156015880254
[结果]1. 	点击成功
2. 修改成功
[期望]1. 点击成功
2. 修改失败
",激活,2021/1/23,0,否,,石文星,2021/1/13 15:49,主干(#trunk),蔡徐坤,2021/1/13 15:49,,,,0000-00-00 00:00:00,,0000-00-00 00:00:00,0,,手机号弹框的输入内容验证(88),,0000-00-00 00:00:00,
108,停哪儿共享车位(#1),/抢租客/我的/修改个人信息(#22),停哪儿共享车位测试(#1),,,手机号弹框的输入内容验证,,3,3,代码错误,Windows 10,chrome,"[前置条件]
账号：抢租客0
密码：123
已登录
位于我的-更改信息界面[步骤]1. 点击更改信息
2. 将156015880254改为1560158802
[结果]1. 	点击成功
2. 	修改成功
[期望]1. 点击成功
2. 修改失败
",激活,2021/1/23,0,否,,石文星,2021/1/13 15:48,主干(#trunk),蔡徐坤,2021/1/13 15:48,,,,0000-00-00 00:00:00,,0000-00-00 00:00:00,0,,手机号弹框的输入内容验证(89),,0000-00-00 00:00:00,
107,停哪儿共享车位(#1),/抢租客/我的/修改个人信息(#22),停哪儿共享车位测试(#1),,,手机号弹框的输入内容验证,,3,3,代码错误,Windows 10,chrome,"[前置条件]
账号：抢租客0
密码：123
已登录
位于我的-更改信息界面[步骤]1. 点击更改信息
2. 将1560158802改为156015880.2
[结果]1. 	点击成功
2. 修改成功
[期望]1. 点击成功
2. 修改失败
",激活,2021/1/23,0,否,,石文星,2021/1/13 15:48,主干(#trunk),蔡徐坤,2021/1/13 15:48,,,,0000-00-00 00:00:00,,0000-00-00 00:00:00,0,,手机号弹框的输入内容验证(90),,0000-00-00 00:00:00,
106,停哪儿共享车位(#1),/抢租客/我的/修改个人信息(#22),停哪儿共享车位测试(#1),,,手机号弹框的输入内容验证,,3,3,代码错误,Windows 10,chrome,"[前置条件]
账号：抢租客0
密码：123
已登录
位于我的-更改信息界面[步骤]1. 点击更改信息
2. 将1560158802改为156015880 2
[结果]1. 点击成功
2. 修改成功
[期望]1. 点击成功
2. 修改失败
",激活,2021/1/23,0,否,,石文星,2021/1/13 15:47,主干(#trunk),蔡徐坤,2021/1/13 15:47,,,,0000-00-00 00:00:00,,0000-00-00 00:00:00,0,,手机号弹框的输入内容验证(91),,0000-00-00 00:00:00,
105,停哪儿共享车位(#1),/抢租客/我的/修改个人信息(#22),停哪儿共享车位测试(#1),,,手机号弹框的输入内容验证,,3,3,代码错误,Windows 10,chrome,"[前置条件]
账号：抢租客0
密码：123
已登录
位于我的-更改信息界面[步骤]1. 点击更改信息
2. 将性别女改为男
[结果]1. 点击成功
2. 修改失败
[期望]1. 点击成功
2. 修改成功
",激活,2021/1/23,0,否,,石文星,2021/1/13 15:46,主干(#trunk),蔡徐坤,2021/1/13 15:46,,,,0000-00-00 00:00:00,,0000-00-00 00:00:00,0,,手机号弹框的输入内容验证(92),,0000-00-00 00:00:00,
104,停哪儿共享车位(#1),/抢租客/我的/修改个人信息(#22),停哪儿共享车位测试(#1),,,性别弹框是否可下拉选择,,3,3,代码错误,Windows 10,chrome,"[前置条件]
账号：抢租客0
密码：123
已登录
位于我的-更改信息界面
[步骤]
1. 点击更改信息-性别

2. 选择性别
[结果]
1. 点击成功

2. 无法选择
[期望]
1. 点击成功

2. 选择成功
",激活,2021/1/23,0,否,,石文星,2021/1/13 15:44,主干(#trunk),蔡徐坤,2021/1/13 15:44,,,,0000-00-00 00:00:00,,0000-00-00 00:00:00,0,,性别弹框是否可下拉选择(94),石文星,2021/1/13 15:45,
103,停哪儿共享车位(#1),/抢租客/我的/修改个人信息(#22),停哪儿共享车位测试(#1),,,验证昵称弹框的输入内容，输入抢租客1,,3,3,代码错误,Windows 10,chrome,"[前置条件]
账号：抢租客0
密码：123
已登录[步骤]1. 点击更改信息
2. 将昵称改为抢租客1
[结果]1. 点击成功
2. 修改失败
[期望]1. 点击成功
2. 修改成功
",激活,2021/1/23,0,否,,石文星,2021/1/13 15:44,主干(#trunk),蔡徐坤,2021/1/13 15:44,,,,0000-00-00 00:00:00,,0000-00-00 00:00:00,0,,验证昵称弹框的输入内容，输入抢租客1(95),,0000-00-00 00:00:00,
102,停哪儿共享车位(#1),/抢租客/我的/修改个人信息(#22),停哪儿共享车位测试(#1),,,验证昵称弹框的输入含特殊字符,,3,3,代码错误,Windows 10,chrome,"[前置条件]
账号：抢租客0
密码：123
已登录[步骤]1. 点击更改信息
2. 将姓名改为抢租，客0
[结果]1. 点击成功
2. 修改成功
[期望]1. 点击成功
2. 修改失败
",激活,2021/1/23,0,否,,石文星,2021/1/13 15:42,主干(#trunk),蔡徐坤,2021/1/13 15:42,,,,0000-00-00 00:00:00,,0000-00-00 00:00:00,0,,验证昵称弹框的输入含特殊字符(99),,0000-00-00 00:00:00,
101,停哪儿共享车位(#1),/抢租客/我的/修改个人信息(#22),停哪儿共享车位测试(#1),,,验证昵称弹框的输入含空格,,3,3,代码错误,Windows 10,chrome,"[前置条件]
账号：抢租客0
密码：123
已登录[步骤]1. 点击更改信息
2. 将姓名改为抢 租客
[结果]1. 点击成功
2. 修改成功
[期望]1. 点击成功
2. 修改失败
",激活,2021/1/23,0,否,,石文星,2021/1/13 15:41,主干(#trunk),蔡徐坤,2021/1/13 15:41,,,,0000-00-00 00:00:00,,0000-00-00 00:00:00,0,,验证昵称弹框的输入含空格(100),,0000-00-00 00:00:00,
100,停哪儿共享车位(#1),/抢租客/我的/修改个人信息(#22),停哪儿共享车位测试(#1),,,验证姓名弹框的输入内容，输入正确,,3,3,代码错误,Windows 10,chrome,"[前置条件]
账号：抢租客0
密码：123
已登录[步骤]1. 点击更改信息
2. 将姓名改为李娜
[结果]1. 点击成功
2. 修改失败
[期望]1. 点击成功
2. 修改成功
",激活,2021/1/23,0,否,,石文星,2021/1/13 15:40,主干(#trunk),蔡徐坤,2021/1/13 15:40,,,,0000-00-00 00:00:00,,0000-00-00 00:00:00,0,,验证姓名弹框的输入内容，输入正确(101),,0000-00-00 00:00:00,
99,停哪儿共享车位(#1),/抢租客/我的/实名认证(#23),停哪儿共享车位测试(#1),,,上传信息正确验证,,3,3,代码错误,Windows 10,chrome,"[前置条件]
账号：抢租客0
密码：123
已登录[步骤]1. 点击实名认证
2. 上传身份证照片
[结果]1. 点击成功
2. 点击上传无反应
[期望]1. 点击成功
2. 认证成功
",激活,2021/1/23,0,否,,石文星,2021/1/13 15:38,主干(#trunk),蔡徐坤,2021/1/13 15:38,,,,0000-00-00 00:00:00,,0000-00-00 00:00:00,0,,上传信息正确验证(108),,0000-00-00 00:00:00,
98,停哪儿共享车位(#1),/抢租客/我的/实名认证(#23),停哪儿共享车位测试(#1),,,上传信息错误验证,,3,3,代码错误,Windows 10,chrome,"[前置条件]
账号：抢租客0
密码：123
已登录[步骤]1. 点击实名认证
2. 上传其他图
[结果]1. 点击成功
2. 上传按钮点击无反应
[期望]1. 点击成功
2. 认证失败
",激活,2021/1/23,0,否,,石文星,2021/1/13 15:37,主干(#trunk),蔡徐坤,2021/1/13 15:37,,,,0000-00-00 00:00:00,,0000-00-00 00:00:00,0,,上传信息错误验证(109),,0000-00-00 00:00:00,
97,停哪儿共享车位(#1),/抢租客/我的/更改头像(#24),停哪儿共享车位测试(#1),,,上传后头像是否能变更成功,,3,3,代码错误,Windows 10,chrome,"[前置条件]
账号：抢租客0
密码：123
已登录[步骤]1. 点击上传头像
2. 上传头像
3. 刷新查看
[结果]1. 	点击成功
2. 	上传成功
3. 	查看失败
[期望]1. 点击成功
2. 上传成功
3. 查看成功
",激活,2021/1/23,0,否,,石文星,2021/1/13 15:36,主干(#trunk),蔡徐坤,2021/1/13 15:36,,,,0000-00-00 00:00:00,,0000-00-00 00:00:00,0,,上传后头像是否能变更成功(111),,0000-00-00 00:00:00,
96,停哪儿共享车位(#1),/抢租客/我的/更改账户绑定(#25),停哪儿共享车位测试(#1),,,验证错误支付宝账户的绑定新增或变更操作,,3,3,代码错误,Windows 10,chrome,"[前置条件]
位于我的-更改头像[步骤]1. 点击更改账户绑定
2. 绑定支付宝账户1242
[结果]1. 点击成功
2. 绑定成功
[期望]1. 点击成功
2. 绑定失败
",激活,2021/1/23,0,否,,石文星,2021/1/13 15:32,主干(#trunk),蔡徐坤,2021/1/13 15:32,,,,0000-00-00 00:00:00,,0000-00-00 00:00:00,0,,验证错误支付宝账户的绑定新增或变更操作(114),,0000-00-00 00:00:00,
95,停哪儿共享车位(#1),/抢租客/我的/更改账户绑定(#25),停哪儿共享车位测试(#1),,,支付宝账户的绑定新增或变更后正确性验证,,3,3,代码错误,Windows 10,chrome,"[前置条件]
位于我的-充值[步骤]1. 充值查看能否成功
[结果]1. 无法充值
[期望]1. 点击成功
",激活,2021/1/23,0,否,,石文星,2021/1/13 15:31,主干(#trunk),蔡徐坤,2021/1/13 15:31,,,,0000-00-00 00:00:00,,0000-00-00 00:00:00,0,,支付宝账户的绑定新增或变更后正确性验证(115),,0000-00-00 00:00:00,
94,停哪儿共享车位(#1),/抢租客/我的/账户充值(#27),停哪儿共享车位测试(#1),,,验证充值前后数额是否正确,,2,2,代码错误,Windows 10,chrome,"[前置条件]
账号：抢租客0
密码：123
已登录
[步骤]
1. 点击账户充值

2. 冲100确认余额是否增加100
[结果]
1. 404界面

2. 无法充值
[期望]
1. 下单成功

2. 查看成功
",激活,2021/1/23,0,否,,石文星,2021/1/13 15:28,主干(#trunk),蔡徐坤,2021/1/13 15:28,,,,0000-00-00 00:00:00,,0000-00-00 00:00:00,0,,验证充值前后数额是否正确(120),,0000-00-00 00:00:00,
93,停哪儿共享车位(#1),/抢租客/历史记录/评论订单(#19),停哪儿共享车位测试(#1),,,验证评论功能,,3,3,代码错误,Windows 10,chrome,"[前置条件]
处于查看进行中订单界面
[步骤]
1. 点击具体订单项中间的蓝色“评论”按钮，输入评论
[结果]
1. 可以评论
[期望]
1. 评论失败，并显示订单进行中
",激活,2021/1/23,0,否,,石文星,2021/1/13 15:22,主干(#trunk),蔡徐坤,2021/1/13 15:22,,,,0000-00-00 00:00:00,,0000-00-00 00:00:00,0,,验证评论功能(79),,0000-00-00 00:00:00,
92,停哪儿共享车位(#1),/抢租客/历史记录/搜索历史订单(#17),停哪儿共享车位测试(#1),,,验证搜索框,,3,3,代码错误,Windows 10,chrome,"[前置条件]
位于查看订单界面[步骤]1. 点击按时间查询
2. 输入2022/01/01
[结果]1. 	点击成功
2. 可以选择，并查询成功
[期望]1. 点击成功
2. 无法选择当天往后的
",激活,2021/1/23,0,否,,石文星,2021/1/13 15:17,主干(#trunk),蔡徐坤,2021/1/13 15:17,,,,0000-00-00 00:00:00,,0000-00-00 00:00:00,0,,验证搜索框(69),,0000-00-00 00:00:00,
91,停哪儿共享车位(#1),/物业方/车辆相关/车位管理(#43),停哪儿共享车位测试(#1),,,检查页面中小三角控价,,3,3,代码错误,Windows 10,chrome,"[前置条件]
车位管理界面包含小三角控件[步骤]1. 点击车辆相关
2. 点击车位管理
3. 点击车位主右边向上的小三角
[结果]1. 	进入车辆相关页面
2. 	进入车位管理页面
3. 车位主信息无变化，仍然无需无序展示
[期望]1. 进入车辆相关页面
2. 进入车位管理页面
3. 信息按车位主序号从小到大的顺序进行展示
",激活,0000-00-00,0,否,,陈,2021/1/13 15:11,主干(#trunk),蔡徐坤,2021/1/13 15:11,,,,0000-00-00 00:00:00,,0000-00-00 00:00:00,0,,检查页面中小三角控价(209),,0000-00-00 00:00:00,
90,停哪儿共享车位(#1),/物业方/车辆相关/车位管理(#43),停哪儿共享车位测试(#1),,,检查页面中小三角控价,,3,3,代码错误,Windows 10,chrome,"[前置条件]
车位管理界面包含小三角控件[步骤]1. 点击车辆相关
2. 点击车位管理
3. 点击车位主右边向下的小三角
[结果]1. 	进入车辆相关页面
2. 进入车位管理页面
3. 车位主信息排序无变化
[期望]1. 进入车辆相关页面
2. 进入车位管理页面
3. 信息按车位主序号从大到小的顺序进行展示
",激活,0000-00-00,0,否,,admin,2021/1/13 15:09,主干(#trunk),蔡徐坤,2021/1/13 15:09,,,,0000-00-00 00:00:00,,0000-00-00 00:00:00,0,,检查页面中小三角控价(210),,0000-00-00 00:00:00,
89,停哪儿共享车位(#1),/物业方/车辆相关/现泊车信息(#44),停哪儿共享车位测试(#1),,,检查页面中批量删除按钮,,4,4,代码错误,Windows 10,chrome,"[前置条件]
现泊车信息界面中包含批量删除按钮[步骤]1. 点击车辆相关
2. 点击现泊车信息
3. 勾选一条或多条信息
4. 点击批量删除按钮
[结果]1. 进入车辆相关页面
2. 	进入现泊车信息页面
3. 	点击批量删除按钮后没有出现弹窗提示“是否确定要删除”，确认后删除成功并提示删除成功
4. 
[期望]1. 进入车辆相关页面
2. 进入现泊车信息页面
3. 点击批量删除按钮后出现弹窗提示“是否确定要删除”，确认后删除成功并提示删除成功
4. 
",激活,0000-00-00,0,否,,admin,2021/1/13 14:59,主干(#trunk),蔡徐坤,2021/1/13 14:59,,,,0000-00-00 00:00:00,,0000-00-00 00:00:00,0,,检查页面中批量删除按钮(224),,0000-00-00 00:00:00,
88,停哪儿共享车位(#1),/物业方/车辆相关/现泊车信息(#44),停哪儿共享车位测试(#1),,,检查页面中删除按钮,,4,4,代码错误,Windows 10,chrome,"[前置条件]
现泊车信息界面中包含删除按钮[步骤]1. 点击车辆相关
2. 点击现泊车信息
3. 勾选一条信息
4. 点击信息后面的删除按钮
[结果]1. 	进入车辆相关页面
2. 	进入现泊车信息页面
3. 点击删除按钮后不出现弹窗提示“是否确定要删除”，确认后删除成功并提示删除成功
4. 
[期望]1. 进入车辆相关页面
2. 进入现泊车信息页面
3. 点击删除按钮后出现弹窗提示“是否确定要删除”，确认后删除成功并提示删除成功
4. 
",激活,0000-00-00,0,否,,admin,2021/1/13 14:58,主干(#trunk),蔡徐坤,2021/1/13 14:58,,,,0000-00-00 00:00:00,,0000-00-00 00:00:00,0,,检查页面中删除按钮(225),,0000-00-00 00:00:00,
87,停哪儿共享车位(#1),/物业方/车辆相关/现泊车信息(#44),停哪儿共享车位测试(#1),,,检查现泊车信息页面中下拉框及内容,,2,3,代码错误,Windows 10,chrome,"[前置条件]
现泊车信息界面中包含下拉框[步骤]1. 点击现泊车信息
2. 选择“状态”下拉框
3. 在下拉框中选择汽车编号
4. 在输入框中输入“963852”
5. 点击搜索按钮
[结果]1. 	进入现泊车信息页面
2. 	进入现泊车信息页面
3. 	汽车编号被选中
4. 	输入内容后不报错
5. 	点击搜索按钮后页面无反应
[期望]1. 进入现泊车信息页面
2. 下拉框被展开
3. 汽车编号被选中
4. 输入内容后不报错
5. 点击搜索按钮后出现通过汽车编号查找的所有信息
",激活,0000-00-00,0,否,,admin,2021/1/13 14:57,主干(#trunk),蔡徐坤,2021/1/13 14:57,,,,0000-00-00 00:00:00,,0000-00-00 00:00:00,0,,检查现泊车信息页面中下拉框及内容(227),,0000-00-00 00:00:00,
86,停哪儿共享车位(#1),/物业方/车辆相关/现泊车信息(#44),停哪儿共享车位测试(#1),,,检查现泊车信息页面中下拉框及内容,,2,3,代码错误,Windows 10,chrome,"[前置条件]
现泊车信息界面中包含下拉框[步骤]1. 点击现泊车信息
2. 选择“状态”下拉框
3. 在下拉框中选择用户编号
4. 在输入框中输入“963852”
5. 点击搜索按钮
[结果]1. 进入现泊车信息页面
2. 	下拉框被展开
3. 	用户编号被选中
4. 	输入内容后不报错
5. 点击搜索按钮后出现页面无反应
[期望]1. 进入现泊车信息页面
2. 下拉框被展开
3. 用户编号被选中
4. 输入内容后不报错
5. 点击搜索按钮后出现通过用户编号查找的所有信息
",激活,0000-00-00,0,否,,admin,2021/1/13 14:56,主干(#trunk),蔡徐坤,2021/1/13 14:56,,,,0000-00-00 00:00:00,,0000-00-00 00:00:00,0,,检查现泊车信息页面中下拉框及内容(228),,0000-00-00 00:00:00,
85,停哪儿共享车位(#1),/物业方/车辆相关/现泊车信息(#44),停哪儿共享车位测试(#1),,,检查现泊车信息页面中下拉框及内容,,2,2,代码错误,Windows 10,chrome,"[前置条件]
现泊车信息界面中包含下拉框[步骤]1. 点击现泊车信息
2. 选择“状态”下拉框
3. 在下拉框中选择车牌号
4. 在输入框中输入“陕A65425”
5. 点击搜索按钮
[结果]1. 	进入现泊车信息页面
2. 	下拉框被展开
3. 	车牌号被选中
4. 	输入内容后不报错
5. 点击搜索按钮后页面无反应
[期望]1. 进入现泊车信息页面
2. 下拉框被展开
3. 车牌号被选中
4. 输入内容后不报错
5. 点击搜索按钮后出现通过车牌号查找的所有信息
",激活,0000-00-00,0,否,,admin,2021/1/13 14:55,主干(#trunk),蔡徐坤,2021/1/13 14:55,,,,0000-00-00 00:00:00,,0000-00-00 00:00:00,0,,检查现泊车信息页面中下拉框及内容(229),,0000-00-00 00:00:00,
84,停哪儿共享车位(#1),/物业方/车辆相关/现泊车信息(#44),停哪儿共享车位测试(#1),,,检查现泊车信息页面中下拉框及内容,,2,3,代码错误,Windows 10,chrome,"[前置条件]
现泊车信息界面中包含下拉框[步骤]1. 点击现泊车信息
2. 选择“状态”下拉框
3. 在下拉框中选择车型
4. 在输入框中输入“小型”
5. 点击搜索按钮
[结果]1. 	进入现泊车信息页面
2. 	下拉框被展开
3. 	车型被选中
4. 	输入内容后不报错
5. 	点击搜索按钮后页面无反应
[期望]1. 进入现泊车信息页面
2. 下拉框被展开
3. 车型被选中
4. 输入内容后不报错
5. 点击搜索按钮后出现通过车型查找的所有信息
",激活,0000-00-00,0,否,,admin,2021/1/13 14:54,主干(#trunk),蔡徐坤,2021/1/13 14:54,,,,0000-00-00 00:00:00,,0000-00-00 00:00:00,0,,检查现泊车信息页面中下拉框及内容(230),,0000-00-00 00:00:00,
83,停哪儿共享车位(#1),/抢租客/历史记录/搜索历史订单(#17),停哪儿共享车位测试(#1),,,验证搜索框,,3,3,代码错误,Windows 10,chrome,"[前置条件]
位于查看订单界面[步骤]1. 点击按状态查询
2. 选择进行中，点搜索
[结果]1. 	点击成功
2. 订单展示正常、但有订单完成日期早于当前日
[期望]1. 点击成功
2. 订单展示正常、且完成日期均大于当前日期
",激活,2021/1/23,0,否,,石文星,2021/1/13 14:54,主干(#trunk),蔡徐坤,2021/1/13 14:54,,,,0000-00-00 00:00:00,,0000-00-00 00:00:00,0,,验证搜索框(75),,0000-00-00 00:00:00,
82,停哪儿共享车位(#1),/物业方/车辆相关/现泊车信息(#44),停哪儿共享车位测试(#1),,,检查现泊车信息页面中下拉框及内容,,2,3,代码错误,Windows 10,chrome,"[前置条件]
现泊车信息界面中包含下拉框[步骤]1. 点击现泊车信息
2. 选择“状态”下拉框
3. 在下拉框中选择状态
4. 在输入框中输入“待抢购”
5. 点击搜索按钮
[结果]1. 	进入现泊车信息页面
2. 	下拉框被展开
3. 	状态被选中
4. 	输入内容后不报错
5. 	点击搜索按钮后页面无反应
[期望]1. 进入现泊车信息页面
2. 下拉框被展开
3. 状态被选中
4. 输入内容后不报错
5. 点击搜索按钮后出现通过状态查找的所有信息
",激活,0000-00-00,0,否,,admin,2021/1/13 14:53,主干(#trunk),蔡徐坤,2021/1/13 14:53,,,,0000-00-00 00:00:00,,0000-00-00 00:00:00,0,,检查现泊车信息页面中下拉框及内容(231),,0000-00-00 00:00:00,
81,停哪儿共享车位(#1),/抢租客/历史记录/搜索历史订单(#17),停哪儿共享车位测试(#1),,,验证界面放大缩小,,3,3,代码错误,Windows 10,chrome,"[前置条件]
位于查看订单界面[步骤]1. 按住ctrl，滑动鼠标滚轮
2. 放大到界面不能完全展示时出现滑动条可滑动查看
[结果]1. 	点击成功
2. 无滑动条
[期望]1. 点击成功
2. 出现滑动条可滑动查看
",激活,2021/1/23,0,否,,石文星,2021/1/13 14:52,主干(#trunk),蔡徐坤,2021/1/13 14:52,,,,0000-00-00 00:00:00,,0000-00-00 00:00:00,0,,验证界面放大缩小(76),,0000-00-00 00:00:00,
80,停哪儿共享车位(#1),/物业方/车辆相关/现泊车信息(#44),停哪儿共享车位测试(#1),,,“现泊车信息”成功新增一条信息,,1,2,代码错误,Windows 10,chrome,"[前置条件]
现泊车信息界面中包含新增按钮[步骤]1. 点击增加按钮
2. 在汽车编号输入框输入“001”
3. 在租客id输入框输入“147852”
4. 在汽车牌照输入框输入“陕A56342”
5. 在汽车类型输入框输入“小型”
6. 点击弹窗下方“增加”按钮
[结果]1. 	弹出输入信息的弹窗
2. 	输入编号正确，未报错
3. 	输入租客id正确，未报错
4. 	输入汽车牌照正确，未报错
5. 	输入汽车类型正确，未报错
6. 	点击增加按钮，页面无反应，刷新后无新增内容
[期望]1. 弹出输入信息的弹窗
2. 输入编号正确，未报错
3. 输入租客id正确，未报错
4. 输入汽车牌照正确，未报错
5. 输入汽车类型正确，未报错
6. 点击增加按钮，新增一条信息成功
",激活,0000-00-00,0,否,,陈,2021/1/13 14:50,主干(#trunk),蔡徐坤,2021/1/13 14:50,,,,0000-00-00 00:00:00,,0000-00-00 00:00:00,0,,“现泊车信息”成功新增一条信息(232),,0000-00-00 00:00:00,
79,停哪儿共享车位(#1),/抢租客/主页/搜索车位(#12),停哪儿共享车位测试(#1),,,验证左上角搜索框旁是否有搜索按钮,,3,3,代码错误,Windows 10,chrome,"[前置条件]
账号：抢租客0
密码：123
已登录[步骤]1. 进入抢租客主页
2. 查看搜索按钮
[结果]1. 输入成功
2. 无搜索按钮
[期望]1. 输入成功
2. 搜索按钮可点击
",激活,2021/1/23,0,否,,石文星,2021/1/13 14:48,主干(#trunk),蔡徐坤,2021/1/13 14:48,,,,0000-00-00 00:00:00,,0000-00-00 00:00:00,0,,验证左上角搜索框旁是否有搜索按钮(46),,0000-00-00 00:00:00,
78,停哪儿共享车位(#1),/物业方/车辆相关/现泊车信息(#44),停哪儿共享车位测试(#1),,,“现泊车信息”新增一条信息失败,,2,3,代码错误,Windows 10,chrome,"[前置条件]
现泊车信息界面中包含新增按钮[步骤]1. 点击增加按钮
2. 在汽车编号输入框输入“abc”
3. 在租客id输入框输入“147852”
4. 在汽车牌照输入框输入“陕A56342”
5. 在汽车类型输入框输入“小型”
6. 点击弹窗下方“增加”按钮
[结果]1. 	弹出输入信息的弹窗
2. 输入编号不正确，不报错
3. 	输入租客id正确，未报错
4. 	输入汽车牌照正确，未报错
5. 	输入汽车类型正确，未报错
6. 	点击增加按钮，页面无反应
[期望]1. 弹出输入信息的弹窗
2. 输入编号不正确，报错
3. 输入租客id正确，未报错
4. 输入汽车牌照正确，未报错
5. 输入汽车类型正确，未报错
6. 点击增加按钮，弹窗提示“信息填写有误，请重新输入”
",激活,0000-00-00,0,否,,陈,2021/1/13 14:48,主干(#trunk),蔡徐坤,2021/1/13 14:48,,,,0000-00-00 00:00:00,,0000-00-00 00:00:00,0,,“现泊车信息”新增一条信息失败(233),,0000-00-00 00:00:00,
77,停哪儿共享车位(#1),/物业方/车辆相关/现泊车信息(#44),停哪儿共享车位测试(#1),,,“现泊车信息”新增一条信息失败,,2,3,代码错误,Windows 10,chrome,"[前置条件]
现泊车信息界面中包含新增按钮[步骤]1. 点击增加按钮
2. 在汽车编号输入框输入“123”
3. 在租客id输入框输入“@@@”
4. 在汽车牌照输入框输入“陕A56342”
5. 在汽车类型输入框输入“小型”
6. 点击弹窗下方“增加”按钮
[结果]1. 弹出输入信息的弹窗
2. 	输入编号正确，未报错
3. 输入租客id不正确，不报错
4. 输入汽车牌照正确，未报错
5. 输入汽车类型正确，未报错
6. 点击增加按钮，页面无反应
[期望]1. 弹出输入信息的弹窗
2. 输入编号正确，未报错
3. 输入租客id不正确，报错
4. 输入汽车牌照正确，未报错
5. 输入汽车类型正确，未报错
6. 点击增加按钮，弹窗提示“信息填写有误，请重新输入”
",激活,0000-00-00,0,否,,陈,2021/1/13 14:47,主干(#trunk),蔡徐坤,2021/1/13 14:47,,,,0000-00-00 00:00:00,,0000-00-00 00:00:00,0,,“现泊车信息”新增一条信息失败(234),,0000-00-00 00:00:00,
76,停哪儿共享车位(#1),/抢租客/主页/查看车位(#13),停哪儿共享车位测试(#1),,,验证车位界面信息过多时是否有换页符,,3,3,代码错误,Windows 10,chrome,"[前置条件]
1.账号：抢租客0
密码：123
已登录[步骤]1. 点击红色标识点
2. 查看换页符并切换
[结果]1. 正常点击且跳转
2. 无换页符
[期望]1. 正常点击且跳转
2. 翻页、查询页按钮正常点击
",激活,2021/1/23,0,否,,石文星,2021/1/13 14:46,主干(#trunk),蔡徐坤,2021/1/13 14:46,,,,0000-00-00 00:00:00,,0000-00-00 00:00:00,0,,验证车位界面信息过多时是否有换页符(53),,0000-00-00 00:00:00,
75,停哪儿共享车位(#1),/物业方/车辆相关/现泊车信息(#44),停哪儿共享车位测试(#1),,,“现泊车信息”新增一条信息失败,,2,3,代码错误,Windows 10,chrome,"[前置条件]
现泊车信息界面中包含新增按钮[步骤]1. 点击增加按钮
2. 在汽车编号输入框输入“123”
3. 在租客id输入框输入“147852”
4. 在汽车牌照输入框输入“A56342”
5. 在汽车类型输入框输入“小型”
6. 点击弹窗下方“增加”按钮
[结果]1. 弹出输入信息的弹窗
2. 输入编号正确，未报错
3. 	输入租客id正确，未报错
4. 	输入汽车牌照不正确，未报错
5. 输入汽车类型正确，未报错
6. 	点击增加按钮，页面无反应
[期望]1. 弹出输入信息的弹窗
2. 输入编号正确，未报错
3. 输入租客id正确，未报错
4. 输入汽车牌照不正确，报错
5. 输入汽车类型正确，未报错
6. 点击增加按钮，弹窗提示“信息填写有误，请重新输入”
",激活,0000-00-00,0,否,,陈,2021/1/13 14:45,主干(#trunk),蔡徐坤,2021/1/13 14:45,,,,0000-00-00 00:00:00,,0000-00-00 00:00:00,0,,“现泊车信息”新增一条信息失败(235),,0000-00-00 00:00:00,
74,停哪儿共享车位(#1),/物业方/车辆相关/现泊车信息(#44),停哪儿共享车位测试(#1),,,“现泊车信息”新增一条信息失败,,2,3,代码错误,Windows 10,chrome,"[前置条件]
现泊车信息界面中包含新增按钮[步骤]1. 点击增加按钮
2. 在汽车编号输入框输入“123”
3. 在租客id输入框输入“147852”
4. 在汽车牌照输入框输入“陕A56342”
5. 在汽车类型输入框输入“123”
6. 点击弹窗下方“增加”按钮
[结果]1. 	弹出输入信息的弹窗
2. 	输入编号正确，未报错
3. 	输入租客id正确，未报错
4. 	输入汽车牌照正确，未报错
5. 	输入汽车类型不正确，不报错
6. 点击增加按钮，页面无反应
[期望]1. 弹出输入信息的弹窗
2. 输入编号正确，未报错
3. 输入租客id正确，未报错
4. 输入汽车牌照正确，未报错
5. 输入汽车类型不正确，报错
6. 点击增加按钮，弹窗提示“信息填写有误，请重新输入”
",激活,0000-00-00,0,否,,陈,2021/1/13 14:42,主干(#trunk),蔡徐坤,2021/1/13 14:42,,,,0000-00-00 00:00:00,,0000-00-00 00:00:00,0,,“现泊车信息”新增一条信息失败(236),,0000-00-00 00:00:00,
73,停哪儿共享车位(#1),/抢租客/主页/车位抢购(#14),停哪儿共享车位测试(#1),,,验证抢购时间与实际天数、总金额是否正确,,3,3,代码错误,Windows 10,chrome,"[前置条件]
位于点丰海路停车场抢购抢购界面[步骤]1. 选择日期2021/01/09-2021/01/09
2. 能否抢购
[结果]1. 选择成功
2. 抢购成功，下单0元
[期望]1. 选择成功
2. 抢购失败，日期选择错误
",激活,2021/1/23,0,否,,石文星,2021/1/13 14:40,主干(#trunk),蔡徐坤,2021/1/13 14:40,,,,0000-00-00 00:00:00,,0000-00-00 00:00:00,0,,验证抢购时间与实际天数、总金额是否正确(57),,0000-00-00 00:00:00,
72,停哪儿共享车位(#1),/物业方/车辆相关/车位管理(#43),停哪儿共享车位测试(#1),,,检查页面中小三角控价,,3,3,代码错误,Windows 10,chrome,"[前置条件]
车位管理界面包含小三角控件[步骤]1. 点击车辆相关
2. 点击车位管理
3. 点击车位号右边向下的小三角
[结果]1. 点击车辆相关
2. 进入车位管理页面
3. 信息按车位号没有按从小到大的顺序进行展示，而是4、30、3、2、1、1的排序方式
[期望]1. 进入车辆相关页面
2. 进入车位管理页面
3. 信息按车位号从大到小的顺序进行展示
",激活,0000-00-00,0,否,,陈,2021/1/13 14:39,主干(#trunk),蔡徐坤,2021/1/13 14:39,,,,0000-00-00 00:00:00,,0000-00-00 00:00:00,0,,检查页面中小三角控价(206),,0000-00-00 00:00:00,
71,停哪儿共享车位(#1),/物业方/车辆相关/车位管理(#43),停哪儿共享车位测试(#1),,,检查页面中小三角控价,,3,3,代码错误,Windows 10,chrome,"[前置条件]
车位管理界面包含小三角控件[步骤]1. 点击车辆相关
2. 点击车位管理
3. 点击车位号右边向下的小三角
[结果]1. 点击车辆相关
2. 进入车位管理页面
3. 信息按车位号没有按从小到大的顺序进行展示，而是4、30、3、2、1、1的排序方式
[期望]1. 进入车辆相关页面
2. 进入车位管理页面
3. 信息按车位号从大到小的顺序进行展示
",激活,0000-00-00,0,否,,陈,2021/1/13 14:39,主干(#trunk),蔡徐坤,2021/1/13 14:39,,,,0000-00-00 00:00:00,,0000-00-00 00:00:00,0,,检查页面中小三角控价(206),,0000-00-00 00:00:00,
70,停哪儿共享车位(#1),/物业方/账户管理/车辆交易记录查看(#41),停哪儿共享车位测试(#1),,,下拉框支付宝单号选项在搜索栏搜索成功,,1,2,代码错误,Windows 10,chrome,"[前置条件]
下拉框中包含支付宝单号选项[步骤]1. 在下拉框选项中选择支付宝单号
2. 在下拉框右侧输入框输入“654321”
3. 点击搜索按钮
[结果]1. 	选择支付宝单号选项成功
2. 	在输入框输入内容“654321”不报错
3. 	点击搜索按钮后页面没有出现对应的详细信息
[期望]1. 选择支付宝单号选项成功
2. 在输入框输入内容“654321”不报错
3. 点击搜索按钮后页面出现对应的详细信息
",激活,0000-00-00,0,否,,陈,2021/1/13 14:33,主干(#trunk),蔡徐坤,2021/1/13 14:33,,,,0000-00-00 00:00:00,,0000-00-00 00:00:00,0,,下拉框支付宝单号选项在搜索栏搜索成功(184),,0000-00-00 00:00:00,
69,停哪儿共享车位(#1),/物业方/账户管理/车辆交易记录查看(#41),停哪儿共享车位测试(#1),,,下拉框支付宝单号选项在搜索栏搜索失败,,2,3,代码错误,Windows 10,chrome,"[前置条件]
下拉框中包含支付宝单号选项[步骤]1. 在下拉框选项中选择支付宝单号
2. 在下拉框右侧输入框输入“abcdefg”
3. 点击搜索按钮
[结果]1. 	选择支付宝单号选项成功
2. 	在输入框输入内容“abcdefg”不报错
3. 	点击搜索按钮后页面没有出现错误提示信息“输入的搜索格式有误”
[期望]1. 选择支付宝单号选项成功
2. 在输入框输入内容“abcdefg”报错
3. 点击搜索按钮后页面出现错误提示信息“输入的搜索格式有误”
",激活,0000-00-00,0,否,,陈,2021/1/13 14:32,主干(#trunk),蔡徐坤,2021/1/13 14:32,,,,0000-00-00 00:00:00,,0000-00-00 00:00:00,0,,下拉框支付宝单号选项在搜索栏搜索失败(185),,0000-00-00 00:00:00,
68,停哪儿共享车位(#1),/物业方/账户管理/车辆交易记录查看(#41),停哪儿共享车位测试(#1),,,下拉框支付宝单号选项在搜索栏搜索失败,,2,3,代码错误,Windows 10,chrome,"[前置条件]
下拉框中包含支付宝单号选项[步骤]1. 在下拉框选项中选择支付宝单号
2. 在下拉框右侧输入框输入“@#￥%”
3. 点击搜索按钮
[结果]1. 	选择支付宝单号选项成功
2. 	在输入框输入内容“@#￥%”不报错
3. 	点击搜索按钮后页面没有出现错误提示信息“输入的搜索格式有误”
[期望]1. 选择支付宝单号选项成功
2. 在输入框输入内容“@#￥%”报错
3. 点击搜索按钮后页面出现错误提示信息“输入的搜索格式有误”
",激活,0000-00-00,0,否,,陈,2021/1/13 14:31,主干(#trunk),蔡徐坤,2021/1/13 14:31,,,,0000-00-00 00:00:00,,0000-00-00 00:00:00,0,,下拉框支付宝单号选项在搜索栏搜索失败(186),,0000-00-00 00:00:00,
67,停哪儿共享车位(#1),/物业方/账户管理/车辆交易记录查看(#41),停哪儿共享车位测试(#1),,,下拉框支付宝单号选项在搜索栏搜索失败,,2,3,代码错误,Windows 10,chrome,"[前置条件]
下拉框中包含支付宝单号选项[步骤]1. 在下拉框选项中选择支付宝单号
2. 在下拉框右侧输入框输入“张三”
3. 点击搜索按钮
[结果]1. 	选择支付宝单号选项成功
2. 	在输入框输入内容“张三”不报错
3. 	点击搜索按钮后页面没有出现错误提示信息“输入的搜索格式有误”
[期望]1. 选择支付宝单号选项成功
2. 在输入框输入内容“张三”报错
3. 点击搜索按钮后页面出现错误提示信息“输入的搜索格式有误”
",激活,0000-00-00,0,否,,陈,2021/1/13 14:31,主干(#trunk),蔡徐坤,2021/1/13 14:31,,,,0000-00-00 00:00:00,,0000-00-00 00:00:00,0,,下拉框支付宝单号选项在搜索栏搜索失败(187),,0000-00-00 00:00:00,
66,停哪儿共享车位(#1),/抢租客/主页/车位导航(#15),停哪儿共享车位测试(#1),,,是否默认支持百度导航，能否跳转其他第三方导航,,4,4,代码错误,Windows 10,chrome,"[前置条件]
位于点丰海路停车场抢购抢购界面
[步骤]
1. 点击去哪儿查看
[结果]
1. 无法使用第三方导航
[期望]
1. 默认支持百度导航，可跳转其他第三方导航
",激活,2021/1/23,0,否,,石文星,2021/1/13 14:31,主干(#trunk),蔡徐坤,2021/1/13 14:31,,,,0000-00-00 00:00:00,,0000-00-00 00:00:00,0,,是否默认支持百度导航，能否跳转其他第三方导航(61),,0000-00-00 00:00:00,
65,停哪儿共享车位(#1),/物业方/账户管理/车辆交易记录查看(#41),停哪儿共享车位测试(#1),,,下拉框账号id选项在搜索栏搜索成功,,2,2,代码错误,Windows 10,chrome,"[前置条件]
下拉框中包含账号id选项[步骤]1. 在下拉框选项中选择账号id
2. 在下拉框右侧输入框输入“123456”
3. 点击搜索按钮
[结果]1. 	选择账号id选项成功
2. 	在输入框输入内容“123456”不报错
3. 点击搜索按钮后页面不出现对应的详细信
[期望]1. 选择账号id选项成功
2. 在输入框输入内容“123456”不报错
3. 点击搜索按钮后页面出现对应的详细信息
",激活,0000-00-00,0,否,,陈,2021/1/13 14:30,主干(#trunk),蔡徐坤,2021/1/13 14:30,,,,0000-00-00 00:00:00,,0000-00-00 00:00:00,0,,下拉框账号id选项在搜索栏搜索成功(188),,0000-00-00 00:00:00,
64,停哪儿共享车位(#1),/物业方/账户管理/车辆交易记录查看(#41),停哪儿共享车位测试(#1),,,下拉框账号id选项在搜索栏搜索成功,,2,2,代码错误,Windows 10,chrome,"[前置条件]
下拉框中包含账号id选项[步骤]1. 在下拉框选项中选择账号id
2. 在下拉框右侧输入框输入“admin”
3. 点击搜索按钮
[结果]1. 	选择账号id选项成功
2. 	在输入框输入内容“admin”不报错
3. 	点击搜索按钮后页面没有出现对应的详细信息
[期望]1. 选择账号id选项成功
2. 在输入框输入内容“admin”不报错
3. 点击搜索按钮后页面出现对应的详细信息
",激活,0000-00-00,0,否,,陈,2021/1/13 14:29,主干(#trunk),蔡徐坤,2021/1/13 14:29,,,,0000-00-00 00:00:00,,0000-00-00 00:00:00,0,,下拉框账号id选项在搜索栏搜索成功(189),,0000-00-00 00:00:00,
63,停哪儿共享车位(#1),/物业方/账户管理/车辆交易记录查看(#41),停哪儿共享车位测试(#1),,,下拉框账号id选项在搜索栏搜索成功,,2,2,代码错误,Windows 10,chrome,"[前置条件]
下拉框中包含账号id选项[步骤]1. 在下拉框选项中选择账号id
2. 在下拉框右侧输入框输入“admin123”
3. 点击搜索按钮
[结果]1. 选择账号id选项成功
2. 	在输入框输入内容“admin123”不报错
3. 	点击搜索按钮后页面没有出现对应的详细信息
[期望]1. 选择账号id选项成功
2. 在输入框输入内容“admin123”不报错
3. 点击搜索按钮后页面出现对应的详细信息
",激活,0000-00-00,0,否,,陈,2021/1/13 14:28,主干(#trunk),蔡徐坤,2021/1/13 14:28,,,,0000-00-00 00:00:00,,0000-00-00 00:00:00,0,,下拉框账号id选项在搜索栏搜索成功(190),,0000-00-00 00:00:00,
62,停哪儿共享车位(#1),/物业方/账户管理/车辆交易记录查看(#41),停哪儿共享车位测试(#1),,,下拉框账号id选项在搜索栏搜索成功,,2,1,代码错误,Windows 10,chrome,"[前置条件]
下拉框中包含账号id选项[步骤]1. 在下拉框选项中选择账号id
2. 在下拉框右侧输入框输入“李四”
3. 点击搜索按钮
[结果]1. 选择账号id选项成功
2. 	在输入框输入内容“李四”不报错
3. 	点击搜索按钮后页面不出现对应的详细信息
[期望]1. 选择账号id选项成功
2. 在输入框输入内容“李四”不报错
3. 点击搜索按钮后页面出现对应的详细信息
",激活,0000-00-00,0,否,,陈,2021/1/13 14:27,主干(#trunk),蔡徐坤,2021/1/13 14:27,,,,0000-00-00 00:00:00,,0000-00-00 00:00:00,0,,下拉框账号id选项在搜索栏搜索成功(191),,0000-00-00 00:00:00,
61,停哪儿共享车位(#1),/抢租客/登录(#8),停哪儿共享车位测试(#1),,,验证账号密码为空点登录是否有提示,,3,3,代码错误,Windows 10,chrome,"[前置条件]
/[步骤]1. 进入停哪儿车位协议首页
2. 点击输入账号空
3. 点击输入密码空
4. 点击登录
[结果]1. 页面显示正常
2. 输入正常
3. 输入正常
4. 只提示输入正确的验证码
[期望]1. 页面显示正常
2. 输入正常
3. 输入正常
4. 登录失败并提示
",激活,2021/1/23,0,否,,石文星,2021/1/13 14:27,主干(#trunk),蔡徐坤,2021/1/13 14:27,,,,0000-00-00 00:00:00,,0000-00-00 00:00:00,0,,验证账号密码为空点登录是否有提示(24),,0000-00-00 00:00:00,
60,停哪儿共享车位(#1),/物业方/账户管理/车辆交易记录查看(#41),停哪儿共享车位测试(#1),,,下拉框账号id选项在搜索栏搜索成功,,2,1,代码错误,Windows 10,chrome,"[前置条件]
下拉框中包含账号id选项[步骤]1. 在下拉框选项中选择账号id
2. 在下拉框右侧输入框输入“李四123”
3. 点击搜索按钮
[结果]1. 	选择账号id选项成功
2. 	在输入框输入内容“李四123”不报错
3. 点击搜索按钮后页面不出现对应的详细信息
[期望]1. 选择账号id选项成功
2. 在输入框输入内容“李四123”不报错
3. 点击搜索按钮后页面出现对应的详细信息
",激活,0000-00-00,0,否,,陈,2021/1/13 14:26,主干(#trunk),蔡徐坤,2021/1/13 14:26,,,,0000-00-00 00:00:00,,0000-00-00 00:00:00,0,,下拉框账号id选项在搜索栏搜索成功(192),,0000-00-00 00:00:00,
59,停哪儿共享车位(#1),/物业方/账户管理/车辆交易记录查看(#41),停哪儿共享车位测试(#1),,,下拉框账号id选项在搜索栏搜索成功,,2,1,代码错误,Windows 10,chrome,"[前置条件]
下拉框中包含账号id选项[步骤]1. 在下拉框选项中选择账号id
2. 在下拉框右侧输入框输入“李四abc”
3. 点击搜索按钮
[结果]1. 	选择账号id选项成功
2. 在输入框输入内容“李四abc”不报错
3. 	点击搜索按钮后页面没有出现对应的详细信息
[期望]1. 选择账号id选项成功
2. 在输入框输入内容“李四abc”不报错
3. 点击搜索按钮后页面出现对应的详细信息
",激活,0000-00-00,0,否,,陈,2021/1/13 14:25,主干(#trunk),蔡徐坤,2021/1/13 14:25,,,,0000-00-00 00:00:00,,0000-00-00 00:00:00,0,,下拉框账号id选项在搜索栏搜索成功(193),,0000-00-00 00:00:00,
58,停哪儿共享车位(#1),/抢租客/登录(#8),停哪儿共享车位测试(#1),,,验证登录有无记住密码功能,,3,3,代码错误,Windows 10,chrome,"[前置条件]
账号：抢租客0
密码：123
已注册[步骤]1. 进入停哪儿车位协议首页
2. 查看并点击记住密码，重复登录测试
[结果]1. 页面显示正常
2. 无记住密码按钮
[期望]1. 页面显示正常
2. 测试成功
",激活,2021/1/23,0,否,,石文星,2021/1/13 14:24,主干(#trunk),蔡徐坤,2021/1/13 14:24,,,,0000-00-00 00:00:00,,0000-00-00 00:00:00,0,,验证登录有无记住密码功能(25),,0000-00-00 00:00:00,
57,停哪儿共享车位(#1),/物业方/账户管理/车辆交易记录查看(#41),停哪儿共享车位测试(#1),,,下拉框账号id选项在搜索栏搜索失败,,2,3,代码错误,Windows 10,chrome,"[前置条件]
下拉框中包含账号id选项[步骤]1. 在下拉框选项中选择账号id
2. 在下拉框右侧输入框输入“李四#￥%”
3. 点击搜索按钮
[结果]1. 	选择账号id选项成功
2. 	在输入框输入内容“李四#￥%”不报错
3. 点击搜索按钮后页面不出现错误提示信息
[期望]1. 选择账号id选项成功
2. 在输入框输入内容“李四#￥%”报错
3. 点击搜索按钮后页面出现错误提示信息“输入的搜索格式有误”
",激活,0000-00-00,0,否,,陈,2021/1/13 14:23,主干(#trunk),蔡徐坤,2021/1/13 14:23,,,,0000-00-00 00:00:00,,0000-00-00 00:00:00,0,,下拉框账号id选项在搜索栏搜索失败(194),,0000-00-00 00:00:00,
56,停哪儿共享车位(#1),/抢租客/登录(#8),停哪儿共享车位测试(#1),,,登录界面输入框tab、enter验证,,3,3,代码错误,Windows 10,chrome,"[前置条件]
账号：抢租客0
密码：123
已注册
[步骤]
1. 进入停哪儿车位协议首页

2. tab键切换输入账号抢租客0密码123验证码、登录
3. enter登录
[结果]
1. 页面显示正常

2. tab无法切换至登录按钮
3. enter无法登录
[期望]
1. 页面显示正常

2. 输入正常
3. 登陆成功
",激活,2021/1/23,0,否,,石文星,2021/1/13 14:23,主干(#trunk),蔡徐坤,2021/1/13 14:23,,,,0000-00-00 00:00:00,,0000-00-00 00:00:00,0,,登录界面输入框tab、enter验证(26),,0000-00-00 00:00:00,
55,停哪儿共享车位(#1),/物业方/账户管理/车辆交易记录查看(#41),停哪儿共享车位测试(#1),,,下拉框账号id选项在搜索栏搜索失败,,2,3,代码错误,Windows 10,chrome,"[前置条件]
下拉框中包含账号id选项[步骤]1. 在下拉框选项中选择账号id
2. 在下拉框右侧输入框输入“123#￥%”
3. 点击搜索按钮
[结果]1. 	选择账号id选项成功
2. 输入框输入内容“123#￥%”不报错
3. 点击搜索按钮后页面不出现错误提示信息
[期望]1. 选择账号id选项成功
2. 在输入框输入内容“123#￥%”报错
3. 点击搜索按钮后页面出现错误提示信息“输入的搜索格式有误”
",激活,0000-00-00,0,否,,陈,2021/1/13 14:22,主干(#trunk),蔡徐坤,2021/1/13 14:22,,,,0000-00-00 00:00:00,,0000-00-00 00:00:00,0,,下拉框账号id选项在搜索栏搜索失败(195),,0000-00-00 00:00:00,
54,停哪儿共享车位(#1),/物业方/账户管理/车辆交易记录查看(#41),停哪儿共享车位测试(#1),,,下拉框账号id选项在搜索栏搜索失败,,2,3,代码错误,Windows 10,chrome,"[前置条件]
下拉框中包含账号id选项[步骤]1. 在下拉框选项中选择账号id
2. 在下拉框右侧输入框输入“abc#￥%”
3. 点击搜索按钮
[结果]1. 	选择账号id选项成功
2. 	在输入框输入内容“abc#￥%”不报错
3. 	点击搜索按钮后页面不出现错误提示信息
[期望]1. 选择账号id选项成功
2. 在输入框输入内容“abc#￥%”报错
3. 点击搜索按钮后页面出现错误提示信息“输入的搜索格式有误”
",激活,0000-00-00,0,否,,陈,2021/1/13 14:22,主干(#trunk),蔡徐坤,2021/1/13 14:22,,,,0000-00-00 00:00:00,,0000-00-00 00:00:00,0,,下拉框账号id选项在搜索栏搜索失败(196),,0000-00-00 00:00:00,
53,停哪儿共享车位(#1),/抢租客/登录(#8),停哪儿共享车位测试(#1),,,验证手机版下载是否可用,,3,3,代码错误,Windows 10,chrome,"[前置条件]
账号：抢租客0
密码：123
已注册[步骤]1. 进入停哪儿车位协议首页
2. 点击下载手机版
[结果]1. 页面显示正常
2. 界面正常跳转乱码
[期望]1. 页面显示正常
2. 界面正常跳转下载成功
",激活,2021/1/23,0,否,,石文星,2021/1/13 14:21,主干(#trunk),蔡徐坤,2021/1/13 14:21,,,,0000-00-00 00:00:00,,0000-00-00 00:00:00,0,,验证手机版下载是否可用(29),,0000-00-00 00:00:00,
52,停哪儿共享车位(#1),/物业方/账户管理/车辆交易记录查看(#41),停哪儿共享车位测试(#1),,,下拉框账号id选项在搜索栏搜索失败,,2,3,代码错误,Windows 10,chrome,"[前置条件]
下拉框中包含账号id选项[步骤]1. 在下拉框选项中选择账号id
2. 在下拉框右侧输入框输入“abc   ”
3. 点击搜索按钮
[结果]1. 	选择账号id选项成功
2. 	在输入框输入内容“abc ”不报错
3. 点击搜索按钮后页面不出现错误提示信息
[期望]1. 选择账号id选项成功
2. 在输入框输入内容“abc   ”报错
3. 点击搜索按钮后页面出现错误提示信息“输入的搜索格式有误”
",激活,0000-00-00,0,否,,陈,2021/1/13 14:20,主干(#trunk),蔡徐坤,2021/1/13 14:20,,,,0000-00-00 00:00:00,,0000-00-00 00:00:00,0,,下拉框账号id选项在搜索栏搜索失败(197),,0000-00-00 00:00:00,
51,停哪儿共享车位(#1),/物业方/账户管理/车辆交易记录查看(#41),停哪儿共享车位测试(#1),,,下拉框账号id选项在搜索栏搜索失败,,2,3,代码错误,Windows 10,chrome,"[前置条件]
下拉框中包含账号id选项[步骤]1. 在下拉框选项中选择账号id
2. 在下拉框右侧输入框输入“123   ”
3. 点击搜索按钮
[结果]1. 	选择账号id选项成功
2. 	在输入框输入内容“123 ”不报错
3. 点击搜索按钮后页面出现错误提示信息
[期望]1. 选择账号id选项成功
2. 在输入框输入内容“123   ”报错
3. 点击搜索按钮后页面出现错误提示信息“输入的搜索格式有误”
",激活,0000-00-00,0,否,,陈,2021/1/13 14:18,主干(#trunk),蔡徐坤,2021/1/13 14:18,,,,0000-00-00 00:00:00,,0000-00-00 00:00:00,0,,下拉框账号id选项在搜索栏搜索失败(198),,0000-00-00 00:00:00,
50,停哪儿共享车位(#1),/物业方/账户管理/车辆交易记录查看(#41),停哪儿共享车位测试(#1),,,下拉框账号id选项在搜索栏搜索失败,,2,2,代码错误,Windows 10,chrome,"[前置条件]
下拉框中包含账号id选项[步骤]1. 在下拉框选项中选择账号id
2. 在下拉框右侧输入框输入“李四     ”
3. 点击搜索按钮
[结果]1. 	选择账号id选项成功
2. 	在输入框输入内容“李四 ”不报错
3. 点击搜索按钮后页面无错误提示信息
[期望]1. 选择账号id选项成功
2. 在输入框输入内容“李四      ”报错
3. 点击搜索按钮后页面出现错误提示信息“输入的搜索格式有误”
",激活,0000-00-00,0,否,,陈,2021/1/13 14:17,主干(#trunk),蔡徐坤,2021/1/13 14:17,,,,0000-00-00 00:00:00,,0000-00-00 00:00:00,0,,下拉框账号id选项在搜索栏搜索失败(199),,0000-00-00 00:00:00,
49,停哪儿共享车位(#1),/物业方/账户管理/车辆交易记录查看(#41),停哪儿共享车位测试(#1),,,下拉框账号id选项在搜索栏搜索失败,,2,2,代码错误,Windows 10,chrome,"[前置条件]
下拉框中包含账号id选项[步骤]1. 在下拉框选项中选择账号id
2. 在下拉框右侧输入框输入“@#￥%”
3. 点击搜索按钮
[结果]1. 	选择账号id选项成功
2. 	在输入框输入内容“@#￥%”报错
3. 	点击搜索按钮后页面无错误提示信息
[期望]1. 选择账号id选项成功
2. 在输入框输入内容“@#￥%”报错
3. 点击搜索按钮后页面出现错误提示信息“输入的搜索格式有误”
",激活,0000-00-00,0,否,,陈,2021/1/13 14:16,主干(#trunk),蔡徐坤,2021/1/13 14:16,,,,0000-00-00 00:00:00,,0000-00-00 00:00:00,0,,下拉框账号id选项在搜索栏搜索失败(200),,0000-00-00 00:00:00,
48,停哪儿共享车位(#1),/抢租客/登录(#8),停哪儿共享车位测试(#1),,,密码是否支持粘贴,,2,2,安全相关,Windows 10,chrome,"[前置条件]
/[步骤]1. 进入停哪儿车位协议首页
2. 粘贴密码
[结果]1. 页面显示正常
2. 可以复制粘贴密码
[期望]1. 页面显示正常
2. 不支持粘贴
",激活,2021/1/23,0,否,,石文星,2021/1/13 14:15,主干(#trunk),蔡徐坤,2021/1/13 14:15,,,,0000-00-00 00:00:00,,0000-00-00 00:00:00,0,,密码是否支持粘贴(36),,0000-00-00 00:00:00,
47,停哪儿共享车位(#1),/物业方/账户管理/车辆交易记录查看(#41),停哪儿共享车位测试(#1),,,通过日期查看交易记录成功,,2,2,代码错误,Windows 10,chrome,"[前置条件]
账户管理界面包含日期控件，日期内容可选[步骤]1. 在日期控件中选择开始时间为2020年10月24日
2. 在日期控件中选择结束时间为2020年12月22日
3. 在下拉框选项中选择支付宝单号
4. 在下拉框右侧输入框输入“654321”
5. 点击搜索按钮
[结果]1. 	选中开始时间
2. 	选中结束时间
3. 	成功选择支付宝单号
4. 	成功输入“654321”
5. 点击搜索按钮后无对应信息
[期望]1. 选中开始时间
2. 选中结束时间
3. 成功选择支付宝单号
4. 成功输入“654321”
5. 点击搜索按钮后出现开始时间与结束时间对应的详细信息
",激活,0000-00-00,0,否,,陈,2021/1/13 14:15,主干(#trunk),蔡徐坤,2021/1/13 14:15,,,,0000-00-00 00:00:00,,0000-00-00 00:00:00,0,,通过日期查看交易记录成功(201),,0000-00-00 00:00:00,
46,停哪儿共享车位(#1),/抢租客/登录(#8),停哪儿共享车位测试(#1),,,连续多次登录失败情况下，系统是否会阻止后续的尝试,,2,2,安全相关,Windows 10,chrome,"[前置条件]
账号：抢租客0
密码：123[步骤]1. 进入停哪儿车位协议首页
2. 点击输入账号抢租客0
3. 点击输入密码12
4. 输入验证码
5. 点击登录
6. 重复3次
[结果]1. 页面显示正常
2. 界面正常跳转
3. 输入正常
4. 输入正常
5. 登录失败
6. 重复3次后依然可尝试登录
[期望]1. 页面显示正常
2. 界面正常跳转
3. 输入正常
4. 输入正常
5. 登录失败
6. 阻止后续登录
",激活,2021/1/23,0,否,,石文星,2021/1/13 14:12,主干(#trunk),蔡徐坤,2021/1/13 14:12,,,,0000-00-00 00:00:00,,0000-00-00 00:00:00,0,,连续多次登录失败情况下，系统是否会阻止后续的尝试(39),,0000-00-00 00:00:00,
45,停哪儿共享车位(#1),/物业方/账户管理/车辆交易记录查看(#41),停哪儿共享车位测试(#1),,,通过日期查看交易记录失败,,2,3,代码错误,Windows 10,chrome,"[前置条件]
账户管理界面包含日期控件，日期内容可选[步骤]1. 在日期控件中选择开始时间为2020年12月22日
2. 在日期控件中选择结束时间为2020年10月22日
3. 在下拉框选项中选择支付宝单号
4. 在下拉框右侧输入框输入“654321”
5. 点击搜索按钮
[结果]1. 	选中开始时间
2. 	选中结束时间
3. 	成功选择支付宝单号
4. 成功输入“654321”
5. 	点击搜索按钮后无提示信息
[期望]1. 选中开始时间
2. 选中结束时间
3. 成功选择支付宝单号
4. 成功输入“654321”
5. 点击搜索按钮后出现提示信息“开始时间不得晚于结束时间”
",激活,0000-00-00,0,否,,陈,2021/1/13 14:09,主干(#trunk),蔡徐坤,2021/1/13 14:09,,,,0000-00-00 00:00:00,,0000-00-00 00:00:00,0,,通过日期查看交易记录失败(202),,0000-00-00 00:00:00,
44,停哪儿共享车位(#1),/物业方/账户管理/车辆交易记录查看(#41),停哪儿共享车位测试(#1),,,通过日期查看交易记录成功,,2,3,代码错误,Windows 10,chrome,"[前置条件]
账户管理界面包含日期控件，日期内容可选
[步骤]
1. 在日期控件中选择开始时间为2021年10月24日

2. 在日期控件中选择结束时间为2020年12月22日
3. 在下拉框选项中选择账号id
4. 在下拉框右侧输入框输入“admin23”
5. 点击搜索按钮
[结果]
1. 	选中开始时间

2. 	选中结束时间
3. 	成功选择支付宝单号
4. 	成功输入“admin23”
5. 	点击搜索按钮后无提示信息
[期望]
1. 选中开始时间

2. 选中结束时间
3. 成功选择支付宝单号
4. 成功输入“admin23”
5. 点击搜索按钮后出现提示信息“开始时间不得晚于结束时间”
",激活,0000-00-00,0,否,,陈,2021/1/13 14:08,主干(#trunk),蔡徐坤,2021/1/13 14:08,,,,0000-00-00 00:00:00,,0000-00-00 00:00:00,0,,通过日期查看交易记录成功(203),,0000-00-00 00:00:00,
43,停哪儿共享车位(#1),/物业方/账户管理/车辆交易记录查看(#41),停哪儿共享车位测试(#1),,,通过日期查看交易记录失败,,2,2,代码错误,Windows 10,chrome,"[前置条件]
账户管理界面包含日期控件，日期内容可选[步骤]1. 在日期控件中选择开始时间为2020年12月24日
2. 在日期控件中选择结束时间为2020年10月22日
3. 在下拉框选项中选择账号id
4. 在下拉框右侧输入框输入“admin23”
5. 点击搜索按钮
[结果]1. 	选中开始时间
2. 	选中结束时间
3. 	成功选择支付宝单号
4. 	成功输入“admin23”
5. 	点击搜索按钮后没有提示结束时间不能早于开始时间
[期望]1. 选中开始时间
2. 选中结束时间
3. 成功选择支付宝单号
4. 成功输入“admin23”
5. 点击搜索按钮后出现提示信息“开始时间不得晚于结束时间”
",激活,0000-00-00,0,否,,陈,2021/1/13 14:03,主干(#trunk),蔡徐坤,2021/1/13 14:03,,,,0000-00-00 00:00:00,,0000-00-00 00:00:00,0,,通过日期查看交易记录失败(204),,0000-00-00 00:00:00,
42,停哪儿共享车位(#1),/物业方/用户管理/抢租客信息(#36),停哪儿共享车位测试(#1),,,“抢租客信息”通过姓名选项在搜索栏搜索成功,,2,1,代码错误,Windows 10,chrome,"[前置条件]
下拉框选项中包含姓名选项且可选[步骤]1. 选择下拉框中“姓名”选项
2. 在搜索框一栏输入“张三”
3. 点击搜索按钮
[结果]1. 	“姓名”一栏选择成功
2. 	输入内容成功
3. 查询失败，页面无内容，数据库有内容
[期望]1. “姓名”一栏选择成功
2. 输入内容成功
3. 查询成功，下方出现通过电话查询后的详细内容
",激活,0000-00-00,0,否,,陈,2021/1/12 21:04,主干(#trunk),蔡徐坤,2021/1/12 21:04,,,,0000-00-00 00:00:00,,0000-00-00 00:00:00,0,,“抢租客信息”通过姓名选项在搜索栏搜索成功(149),,0000-00-00 00:00:00,
41,停哪儿共享车位(#1),/物业方/用户管理/抢租客信息(#36),停哪儿共享车位测试(#1),,,“抢租客信息”通过电话选项在搜索栏搜索成功,,2,2,代码错误,Windows 10,chrome,"[前置条件]
下拉框选项中包含电话选项且可选[步骤]1. 选择下拉框中“电话”选项
2. 在搜索框一栏输入“15739968866”
3. 点击搜索按钮
[结果]1. 	“电话”一栏选择成功
2. 	输入内容成功
3. 	查询失败，页面无内容，数据库有内容
[期望]1. “电话”一栏选择成功
2. 输入内容成功
3. 查询成功，下方出现通过电话查询后的详细内容
",激活,0000-00-00,0,否,,陈,2021/1/12 21:03,主干(#trunk),蔡徐坤,2021/1/12 21:03,,,,0000-00-00 00:00:00,,0000-00-00 00:00:00,0,,“抢租客信息”通过电话选项在搜索栏搜索成功(152),,0000-00-00 00:00:00,
40,停哪儿共享车位(#1),/物业方/用户管理/抢租客信息(#36),停哪儿共享车位测试(#1),,,“抢租客信息”通过昵称选项在搜索栏搜索成功,,2,2,代码错误,Windows 10,chrome,"[前置条件]
下拉框选项中包含昵称选项且可选[步骤]1. 选择下拉框中“昵称”选项
2. 在搜索框一栏输入“好多肉”
3. 点击搜索按钮
[结果]1. 	“昵称”一栏选择成功
2. 输入内容成功
3. 查询失败，页面无内容
[期望]1. “昵称”一栏选择成功
2. 输入内容成功
3. 查询成功，下方出现通过电话查询后的详细内容
",激活,0000-00-00,0,否,,陈,2021/1/12 21:01,主干(#trunk),蔡徐坤,2021/1/12 21:01,,,,0000-00-00 00:00:00,,0000-00-00 00:00:00,0,,“抢租客信息”通过昵称选项在搜索栏搜索成功(156),,0000-00-00 00:00:00,
39,停哪儿共享车位(#1),/抢租客/注册(#7),停哪儿共享车位测试(#1),,,验证注册界面账号正确，两次输入密码正确，手机号正确，选择物业方是否注册成功，,,2,2,代码错误,Windows 10,chrome,"[前置条件]
/
[步骤]
1. 进入停哪儿车位协议首页

2. 点击注册
3. 点击输入账号1245
4. 点击两次输入密码123
5. 输入13412341234
6. 验证码0000
7. 选择物业方
8. 点击注册
9. 登录查看是否抢租客界面
[结果]
1. 页面显示正常

2. 	界面正常跳转
3. 	输入正常
4. 	输入正常
5. 	输入正常
6. 	输入正常
7. 	输入正常
8. 无法点击
9. 注册失败
[期望]
1. 页面显示正常

2. 界面正常跳转
3. 输入正常
4. 输入正常
5. 输入正常
6. 输入正常
7. 输入正常
8. 注册成功
9. 登录成功
",激活,2021/1/23,0,是,,石文星,2021/1/12 21:01,主干(#trunk),蔡徐坤,2021/1/13 16:26,,,,0000-00-00 00:00:00,,0000-00-00 00:00:00,0,,验证注册界面账号正确，两次输入密码正确，手机号正确，选择物业方是否注册成功，(5),石文星,2021/1/13 16:28,
38,停哪儿共享车位(#1),/抢租客/注册(#7),停哪儿共享车位测试(#1),,,验证注册界面账号正确，两次输入密码正确，手机号正确，选择抢租客是否注册成功，,,2,2,代码错误,Windows 10,chrome,"[前置条件]
/[步骤]1. 进入停哪儿车位协议首页
2. 点击注册
3. 点击输入账号1245
4. 点击两次输入密码123
5. 输入13412341234
6. 验证码0000
7. 选择抢租客
8. 点击注册
9. 登录查看是否抢租客界面
[结果]1. 页面显示正常
2. 	界面正常跳转
3. 	输入正常
4. 	输入正常
5. 	输入正常
6. 	输入正常
7. 	输入正常
8. 无法点击
9. 注册失败
[期望]1. 页面显示正常
2. 界面正常跳转
3. 输入正常
4. 输入正常
5. 输入正常
6. 输入正常
7. 输入正常
8. 注册成功
9. 登录成功
",激活,2021/1/23,0,否,,石文星,2021/1/12 21:00,主干(#trunk),蔡徐坤,2021/1/12 21:00,,,,0000-00-00 00:00:00,,0000-00-00 00:00:00,0,,验证注册界面账号正确，两次输入密码正确，手机号正确，选择抢租客是否注册成功，(6),石文星,2021/1/13 16:28,
37,停哪儿共享车位(#1),/物业方/用户管理/抢租客信息(#36),停哪儿共享车位测试(#1),,,“抢租客信息”通过性别选项在搜索栏搜索成功,,2,1,代码错误,Windows 10,chrome,"[前置条件]
下拉框选项中包含性别选项且可选
[步骤]
1. 选择下拉框中“昵称”选项

2. 在搜索框一栏输入“男”
3. 点击搜索按钮
[结果]
1. “姓名”一栏选择成功

2. 	输入内容成功
3. 	查询失败，下方无内容显示，数据库中有内容
[期望]
1. “姓名”一栏选择成功

2. 输入内容成功
3. 查询成功，下方出现通过性别查询后的详细内容
",激活,0000-00-00,0,否,,陈,2021/1/12 21:00,主干(#trunk),蔡徐坤,2021/1/12 21:00,,,,0000-00-00 00:00:00,,0000-00-00 00:00:00,0,,“抢租客信息”通过性别选项在搜索栏搜索成功(159),,0000-00-00 00:00:00,
36,停哪儿共享车位(#1),/抢租客/注册(#7),停哪儿共享车位测试(#1),,,验证注册界面账号正确，两次输入密码正确，手机号正确，选择出租方是否注册成功，,,2,2,代码错误,Windows 10,chrome,"[前置条件]
/[步骤]1. 进入停哪儿车位协议首页
2. 点击注册
3. 点击输入账号1245
4. 点击两次输入密码123
5. 输入13412341234
6. 验证码0000
7. 选择出租方
8. 点击注册
9. 登录查看是否抢租客界面
[结果]1. 页面显示正常
2. 	界面正常跳转
3. 	输入正常
4. 	输入正常
5. 	输入正常
6. 	输入正常
7. 	输入正常
8. 无法点击
9. 注册失败
[期望]1. 页面显示正常
2. 界面正常跳转
3. 输入正常
4. 输入正常
5. 输入正常
6. 输入正常
7. 输入正常
8. 注册成功
9. 登录成功
",激活,2021/1/23,0,否,,石文星,2021/1/12 20:59,主干(#trunk),蔡徐坤,2021/1/12 20:59,,,,0000-00-00 00:00:00,,0000-00-00 00:00:00,0,,验证注册界面账号正确，两次输入密码正确，手机号正确，选择出租方是否注册成功，(7),石文星,2021/1/13 16:28,
35,停哪儿共享车位(#1),/物业方/用户管理/抢租客信息(#36),停哪儿共享车位测试(#1),,,“抢租客信息”通过性别选项在搜索栏搜索成功,,2,2,代码错误,Windows 10,chrome,"[前置条件]
下拉框选项中包含性别选项且可选
[步骤]
1. 选择下拉框中“昵称”选项

2. 在搜索框一栏输入“女”
3. 点击搜索按钮
[结果]
1. 	“姓名”一栏选择成功

2. 	输入内容成功
3. 	查询成功，下方无内容
[期望]
1. “姓名”一栏选择成功

2. 输入内容成功
3. 查询成功，下方出现通过性别查询后的详细内容
",激活,0000-00-00,0,否,,陈,2021/1/12 20:58,主干(#trunk),蔡徐坤,2021/1/12 20:58,,,,0000-00-00 00:00:00,,0000-00-00 00:00:00,0,,“抢租客信息”通过性别选项在搜索栏搜索成功(160),,0000-00-00 00:00:00,
34,停哪儿共享车位(#1),/抢租客/注册(#7),停哪儿共享车位测试(#1),,,验证注册界面账号为空，输入密码是否不可用，且有账号长度提示,,2,2,代码错误,Windows 10,chrome,"[前置条件]
/[步骤]1. 进入停哪儿车位协议首页
2. 点击注册
3. 点击输入账号空
4. 点击注册
[结果]1. 页面显示正常
2. 界面正常跳转
3. 输入正常
4. 无法点击，且提示长度
[期望]1. 页面显示正常
2. 界面正常跳转
3. 输入正常
4. 输入正常
",激活,2021/1/23,0,否,,石文星,2021/1/12 20:57,主干(#trunk),蔡徐坤,2021/1/12 20:57,,,,0000-00-00 00:00:00,,0000-00-00 00:00:00,0,,验证注册界面账号为空，输入密码是否不可用，且有账号长度提示(8),石文星,2021/1/13 16:28,
33,停哪儿共享车位(#1),/物业方/用户管理/抢租客信息(#36),停哪儿共享车位测试(#1),,,“抢租客信息”通过信用级别选项在搜索栏搜索失败,,2,1,代码错误,Windows 10,chrome,"[前置条件]
下拉框选项中包含信用级别选项且可选[步骤]1. 选择下拉框中“信用级别”选项
2. 在搜索框一栏输入“ 良好”
3. 点击搜索按钮
[结果]1. 	“信用级别”一栏选择成功
2. 	输入内容成功
3. 	查询成功，下方无内容
[期望]1. “信用级别”一栏选择成功
2. 输入内容成功
3. 查询成功，下方出现通过信用级别查询后的详细内容
",激活,0000-00-00,0,否,,陈,2021/1/12 20:57,主干(#trunk),蔡徐坤,2021/1/12 20:57,,,,0000-00-00 00:00:00,,0000-00-00 00:00:00,0,,“抢租客信息”通过信用级别选项在搜索栏搜索失败(163),,0000-00-00 00:00:00,
32,停哪儿共享车位(#1),/抢租客/注册(#7),停哪儿共享车位测试(#1),,,验证注册界面账号长度为1，输入密码是否不可用，且有账号长度提示,,2,2,代码错误,Windows 10,chrome,"[前置条件]
/
[步骤]
1. 进入停哪儿车位协议首页

2. 点击注册
3. 点击输入账号1
4. 点击两次输入密码123
5. 点击注册
[结果]
1. 页面显示正常

2. 	界面正常跳转
3. 输入正常
4. 输入正常
5. 无法点击，且无长度提示
[期望]
1. 页面显示正常

2. 界面正常跳转
3. 输入正常
4. 输入正常
5. 注册失败，且提示账号长度
",激活,2021/1/23,0,否,,石文星,2021/1/12 20:56,主干(#trunk),蔡徐坤,2021/1/12 20:56,,,,0000-00-00 00:00:00,,0000-00-00 00:00:00,0,,验证注册界面账号长度为1，输入密码是否不可用，且有账号长度提示(9),石文星,2021/1/13 16:28,
31,停哪儿共享车位(#1),/抢租客/注册(#7),停哪儿共享车位测试(#1),,,验证注册界面账号长度为20，输入密码是否不可用，且有账号长度提示,,2,2,代码错误,Windows 10,chrome,"[前置条件]
/[步骤]1. 进入停哪儿车位协议首页
2. 点击注册
3. 点击输入账号12345678901234567890
4. 点击两次输入密码123
5. 点击注册
[结果]1. 	页面显示正常
2. 	界面正常跳转
3. 	输入正常
4. 	输入正常
5. 	无法点击注册，且无提示账号长度
[期望]1. 页面显示正常
2. 界面正常跳转
3. 输入正常
4. 注册失败，且提示账号长度
5. 
",激活,2021/1/23,0,否,,石文星,2021/1/12 20:55,主干(#trunk),蔡徐坤,2021/1/12 20:55,,,,0000-00-00 00:00:00,,0000-00-00 00:00:00,0,,验证注册界面账号长度为20，输入密码是否不可用，且有账号长度提示(10),石文星,2021/1/13 16:27,
30,停哪儿共享车位(#1),/物业方/用户管理/物业方信息(#38),停哪儿共享车位测试(#1),,,检查用户管理界面删除按钮功能,,1,2,代码错误,Windows 10,chrome,"[前置条件]
用户管理界面中包含删除按钮[步骤]1. 使用物业方角色用户名和密码登录成功
2. 界面跳转至用户管理的物业方信息模块
3. 勾选一条信息前的勾选框
4. 点击删除按钮
[结果]1. 	页面显示正常
2. 	界面正常跳转
3. 	在勾选框勾选成功
4. 	点击删除按钮后页面仍然存在此条信息
[期望]1. 页面显示正常
2. 界面正常跳转
3. 在勾选框勾选成功
4. 点击删除按钮后成功删除一条信息
",激活,0000-00-00,0,否,,陈,2021/1/12 20:55,主干(#trunk),蔡徐坤,2021/1/12 20:55,,,,0000-00-00 00:00:00,,0000-00-00 00:00:00,0,,检查用户管理界面删除按钮功能(169),,0000-00-00 00:00:00,
29,停哪儿共享车位(#1),/物业方/用户管理/物业方信息(#38),停哪儿共享车位测试(#1),,,“物业方信息”成功新增一条信息,,1,2,代码错误,Windows 10,chrome,"[前置条件]
用户管理界面中包含新增按钮[步骤]1. 点击“新增”按钮
2. 在弹出弹窗中的“物业方”一栏输入“张三”
3. “用户电话”一栏输入“13468867666”
4. “物业简介”一栏输入“物业管理证书”
5. “物业密码”一栏输入“123456abc”
6. 点击增加按钮
[结果]1. 点击“新增”按钮，出现需要填写详细信息的弹窗
2. 	输入“张三”后不报错
3. 	输入“13468867666”不报错
4. 	输入“物业管理证书”不报错
5. 	输入“123456abc”后不报错
6. 	点击增加按钮，页面无反应
[期望]1. 点击“新增”按钮，出现需要填写详细信息的弹窗
2. 输入“张三”后不报错
3. 输入“13468867666”不报错
4. 输入“物业管理证书”不报错
5. 输入“123456abc”后不报错
6. 点击增加按钮，信息新增成功
",激活,0000-00-00,0,否,,陈,2021/1/12 20:53,主干(#trunk),蔡徐坤,2021/1/12 20:53,,,,0000-00-00 00:00:00,,0000-00-00 00:00:00,0,,“物业方信息”成功新增一条信息(171),,0000-00-00 00:00:00,
28,停哪儿共享车位(#1),/抢租客/注册(#7),停哪儿共享车位测试(#1),,,验证注册界面账号含特殊字符，输入密码，是否不可用，且有账号要求提示,,3,3,代码错误,Windows 10,chrome,"[前置条件]
/[步骤]1. 进入停哪儿车位协议首页
2. 点击注册
3. 点击输入账号%123
4. 点击两次输入密码123
5. 点击注册
[结果]1. 页面显示正常
2. 界面正常跳转
3. 输入正常
4. 无有账号要求提示
5. 无法点击
[期望]1. 页面显示正常
2. 界面正常跳转
3. 输入正常
4. 注册失败，且有账号要求提示
5. 
",激活,2021/1/23,0,否,,石文星,2021/1/12 20:53,主干(#trunk),蔡徐坤,2021/1/12 20:53,,,,0000-00-00 00:00:00,,0000-00-00 00:00:00,0,,验证注册界面账号含特殊字符，输入密码，是否不可用，且有账号要求提示(11),石文星,2021/1/13 16:27,
27,停哪儿共享车位(#1),/物业方/用户管理/物业方信息(#38),停哪儿共享车位测试(#1),,,检查用户管理界面“物业方信息”新增功能“增加”控件功能,,2,2,代码错误,Windows 10,chrome,"[前置条件]
新增信息弹窗中包含增加按钮[步骤]1. 点击“新增”按钮
2. 在弹出弹窗中的“物业方”一栏输入“张三”
3. “用户电话”一栏输入“13468867666”
4. “物业简介”一栏输入“物业管理证书”
5. “物业密码”一栏输入“123456”
6. 点击增加按钮
[结果]1. 	点击“新增”按钮，出现需要填写详细信息的弹窗
2. 	输入“张三”后不报错
3. 	输入“13468867666”不报错
4. 	输入“物业管理证书”不报错
5. 	输入“123456”后不报错
6. 	点击增加按钮，页面无反应
[期望]1. 点击“新增”按钮，出现需要填写详细信息的弹窗
2. 输入“张三”后不报错
3. 输入“13468867666”不报错
4. 输入“物业管理证书”不报错
5. 输入“123456”后不报错
6. 点击增加按钮，信息新增成功
",激活,0000-00-00,0,否,,陈,2021/1/12 20:52,主干(#trunk),蔡徐坤,2021/1/12 20:52,,,,0000-00-00 00:00:00,,0000-00-00 00:00:00,0,,检查用户管理界面“物业方信息”新增功能“增加”控件功能(172),,0000-00-00 00:00:00,
26,停哪儿共享车位(#1),/抢租客/注册(#7),停哪儿共享车位测试(#1),,,验证注册界面账号含空格，输入密码，是否不可用，且有账号要求提示,,2,2,代码错误,Windows 10,chrome,"[前置条件]
/[步骤]1. 进入停哪儿车位协议首页
2. 点击注册
3. 点击输入账号1 23
4. 点击两次输入密码123
5. 点击注册
[结果]1. 	页面显示正常
2. 	界面正常跳转
3. 	输入正常
4. 无有账号要求提示
5. 无法点击
[期望]1. 页面显示正常
2. 界面正常跳转
3. 输入正常
4. 注册失败，且有账号要求提示
5. 
",激活,2021/1/23,0,否,,石文星,2021/1/12 20:50,主干(#trunk),蔡徐坤,2021/1/12 20:50,,,,0000-00-00 00:00:00,,0000-00-00 00:00:00,0,,验证注册界面账号含空格，输入密码，是否不可用，且有账号要求提示(12),石文星,2021/1/13 16:27,
25,停哪儿共享车位(#1),/物业方/用户管理/物业方信息(#38),停哪儿共享车位测试(#1),,,“物业方信息”新增一条信息失败,,2,3,代码错误,Windows 10,chrome,"[前置条件]
用户管理界面中包含新增按钮[步骤]1. 点击“新增”按钮
2. 在弹出弹窗中的“物业方”一栏输入“123”
3. “用户电话”一栏输入“哈哈”
4. “物业简介”一栏输入“abc”
5. “物业密码”一栏输入“@#￥%”
6. 点击增加按钮
[结果]1. 	点击“新增”按钮，出现需要填写详细信息的弹窗
2. 	输入“123”后不报错
3. 输入“哈哈”后不报错
4. 	输入“abc”不报错
5. 	输入“@#￥%”后不报错
6. 	点击增加按钮，页面无反应
[期望]1. 点击“新增”按钮，出现需要填写详细信息的弹窗
2. 输入“123”后报错
3. 输入“哈哈”后报错
4. 输入“abc”不报错
5. 输入“@#￥%”后报错
6. 点击增加按钮，信息新增失败
",激活,0000-00-00,0,否,,陈,2021/1/12 20:50,主干(#trunk),蔡徐坤,2021/1/12 20:50,,,,0000-00-00 00:00:00,,0000-00-00 00:00:00,0,,“物业方信息”新增一条信息失败(174),,0000-00-00 00:00:00,
24,停哪儿共享车位(#1),/物业方/用户管理/物业方信息(#38),停哪儿共享车位测试(#1),,,“物业方信息”新增一条信息失败,,2,2,代码错误,Windows 10,chrome,"[前置条件]
用户管理界面中包含新增按钮[步骤]1. 点击“新增”按钮
2. 在弹出弹窗中的“物业方”一栏输入“张三”
3. “用户电话”一栏输入“123456”
4. “物业简介”一栏输入“物业管理证书”
5. “物业密码”一栏输入“123456”
6. 点击新增按钮
[结果]1. 点击“新增”按钮，出现需要填写详细信息的弹窗
2. 	输入“张三”后不报错
3. 	输入“123456”后不报错
4. 输入“物业管理证书”不报错
5. 	输入“@#￥%”后不报错
6. 	点击增加按钮，页面无反应
[期望]1. 点击“新增”按钮，出现需要填写详细信息的弹窗
2. 输入“张三”后不报错
3. 输入“123456”后不报错
4. 输入“物业管理证书”不报错
5. 输入“@#￥%”后不报错
6. 点击增加按钮，信息新增失败
",激活,0000-00-00,0,否,,陈,2021/1/12 20:48,主干(#trunk),蔡徐坤,2021/1/12 20:48,,,,0000-00-00 00:00:00,,0000-00-00 00:00:00,0,,“物业方信息”新增一条信息失败(175),,0000-00-00 00:00:00,
23,停哪儿共享车位(#1),/抢租客/注册(#7),停哪儿共享车位测试(#1),,,验证注册界面账号正确，输入密码两次不一致，且有账号要求提示,,2,2,代码错误,Windows 10,chrome,"[前置条件]
/[步骤]1. 进入停哪儿车位协议首页
2. 点击注册
3. 点击输入账号123
4. 点击两次输入密码123和12 3
5. 点击注册
[结果]1. 页面显示正常
2. 界面正常跳转
3. 	输入正常
4. 无账号要求提示
5. 无法点击
[期望]1. 页面显示正常
2. 界面正常跳转
3. 输入正常
4. 注册失败，且有账号要求提示
5. 
",激活,2021/1/23,0,否,,石文星,2021/1/12 20:48,主干(#trunk),蔡徐坤,2021/1/12 20:48,,,,0000-00-00 00:00:00,,0000-00-00 00:00:00,0,,验证注册界面账号正确，输入密码两次不一致，且有账号要求提示(13),石文星,2021/1/13 16:27,
22,停哪儿共享车位(#1),/物业方/用户管理/物业方信息(#38),停哪儿共享车位测试(#1),,,“物业方信息”新增一条信息失败,,2,2,代码错误,Windows 10,chrome,"[前置条件]
用户管理界面中包含新增按钮[步骤]1. 点击“新增”按钮
2. 在弹出弹窗中的“物业方”一栏输入“张三”
3. “用户电话”一栏输入“13468867666”
4. “物业简介”一栏输入“物业管理证书”
5. “物业密码”一栏输入“哈哈哈”
6. 点击取消按钮
[结果]1. 点击“新增”按钮，出现需要填写详细信息的弹窗
2. 输入“张三”后不报错
3. 	输入“13468867666”不报错
4. 	输入“物业管理证书”不报错
5. 	输入“哈哈哈”后不报错
6. 点击增加按钮，页面无反应
[期望]1. 点击“新增”按钮，出现需要填写详细信息的弹窗
2. 输入“张三”后不报错
3. 输入“13468867666”不报错
4. 输入“物业管理证书”不报错
5. 输入“哈哈哈”后报错
6. 点击增加按钮，信息新增失败
",激活,0000-00-00,0,否,,陈,2021/1/12 20:47,主干(#trunk),蔡徐坤,2021/1/12 20:47,,,,0000-00-00 00:00:00,,0000-00-00 00:00:00,0,,“物业方信息”新增一条信息失败(176),,0000-00-00 00:00:00,
21,停哪儿共享车位(#1),/抢租客/注册(#7),停哪儿共享车位测试(#1),,,验证注册界面账号正确，两次输入密码正确，是否注册成功,,2,2,代码错误,Windows 10,chrome,"[前置条件]
/[步骤]1. 进入停哪儿车位协议首页
2. 点击注册
3. 点击输入账号1245
4. 点击两次输入密码123
5. 点击注册
[结果]1. 	页面显示正常
2. 	界面正常跳转
3. 	输入正常
4. 	输入正常
5. 无法点击
[期望]1. 页面显示正常
2. 界面正常跳转
3. 输入正常
4. 输入正常
5. 注册成功
",激活,2021/1/23,0,否,,石文星,2021/1/12 20:46,主干(#trunk),蔡徐坤,2021/1/12 20:46,,,,0000-00-00 00:00:00,,0000-00-00 00:00:00,0,,验证注册界面账号正确，两次输入密码正确，是否注册成功(15),石文星,2021/1/13 16:27,
20,停哪儿共享车位(#1),/物业方/用户管理/物业方信息(#38),停哪儿共享车位测试(#1),,,“物业方信息”删除一条信息成功,,2,2,代码错误,Windows 10,chrome,"[前置条件]
用户管理界面中包含删除按钮[步骤]1. 选择一条要删除的信息，勾选信息前面的勾选框
2. 点击“删除”按钮
3. 出现“删除成功”的弹窗提示信息
[结果]1. 选择要删除的信息，勾选成功
2. 	“删除”按钮点击成功
3. 	信息删除失败，页面中仍有此数据，出现“删除成功”的弹窗提示
[期望]1. 选择要删除的信息，勾选成功
2. “删除”按钮点击成功
3. 信息删除成功，出现“删除成功”的弹窗提示
",激活,0000-00-00,0,否,,陈,2021/1/12 20:45,主干(#trunk),蔡徐坤,2021/1/12 20:45,,,,0000-00-00 00:00:00,,0000-00-00 00:00:00,0,,“物业方信息”删除一条信息成功(177),,0000-00-00 00:00:00,
19,停哪儿共享车位(#1),/抢租客/注册(#7),停哪儿共享车位测试(#1),,,验证注册界面账号正确，两次输入密码正确，手机号码为12位，是否成功,,2,2,代码错误,Windows 10,chrome,"[前置条件]
/[步骤]1. 进入停哪儿车位协议首页
2. 点击注册
3. 点击输入账号1245
4. 点击两次输入密码123
5. 输入手机号134123412345
6. 验证码0000
7. 点击注册
[结果]1. 页面显示正常
2. 界面正常跳转
3. 输入正常
4. 输入正常
5. 输入正常
6. 输入正常
7. 无法点击
[期望]1. 页面显示正常
2. 界面正常跳转
3. 输入正常
4. 输入正常
5. 输入正常
6. 输入正常
7. 注册失败
",激活,2021/1/23,0,否,,石文星,2021/1/12 20:45,主干(#trunk),蔡徐坤,2021/1/12 20:45,,,,0000-00-00 00:00:00,,0000-00-00 00:00:00,0,,验证注册界面账号正确，两次输入密码正确，手机号码为12位，是否成功(16),石文星,2021/1/13 16:27,
18,停哪儿共享车位(#1),/物业方/用户管理/物业方信息(#38),停哪儿共享车位测试(#1),,,“物业方信息”批量删除多条信息成功,,2,2,代码错误,Windows 10,chrome,"[前置条件]
用户管理界面中有批量删除功能[步骤]1. 选择多条要删除的信息，勾选信息前面的勾选框
2. 点击“删除”按钮
3. 出现“删除成功”的弹窗提示信息
[结果]1. 	选择要删除的多条信息，勾选成功
2. 	“删除”按钮点击成功
3. 	信息删除失败，页面信息还在，出现“删除成功”的弹窗提示
[期望]1. 选择要删除的多条信息，勾选成功
2. “删除”按钮点击成功
3. 信息删除成功，出现“删除成功”的弹窗提示
",激活,0000-00-00,0,否,,陈,2021/1/12 20:44,主干(#trunk),蔡徐坤,2021/1/12 20:44,,,,0000-00-00 00:00:00,,0000-00-00 00:00:00,0,,“物业方信息”批量删除多条信息成功(178),,0000-00-00 00:00:00,
17,停哪儿共享车位(#1),/抢租客/注册(#7),停哪儿共享车位测试(#1),,,验证注册界面账号正确，两次输入密码正确，手机号码为10位，是否成功,,2,2,代码错误,Windows 10,chrome,"[前置条件]
/[步骤]1. 进入停哪儿车位协议首页
2. 点击注册
3. 点击输入账号1245
4. 点击两次输入密码123
5. 输入手机号1341234123
6. 验证码0000
7. 点击注册
[结果]1. 	页面显示正常
2. 界面正常跳转
3. 输入正常
4. 输入正常
5. 输入正常
6. 输入正常
7. 无法点击
[期望]1. 页面显示正常
2. 界面正常跳转
3. 输入正常
4. 输入正常
5. 输入正常
6. 输入正常
7. 注册失败
",激活,2021/1/23,0,否,,石文星,2021/1/12 20:44,主干(#trunk),蔡徐坤,2021/1/12 20:44,,,,0000-00-00 00:00:00,,0000-00-00 00:00:00,0,,验证注册界面账号正确，两次输入密码正确，手机号码为10位，是否成功(17),石文星,2021/1/13 16:27,
16,停哪儿共享车位(#1),/抢租客/注册(#7),停哪儿共享车位测试(#1),,,验证注册界面账号正确，两次输入密码正确，手机号码为11位包含空格，是否成功,,2,2,代码错误,Windows 10,chrome,"[前置条件]
/[步骤]1. 进入停哪儿车位协议首页
2. 点击注册
3. 点击输入账号1245
4. 点击两次输入密码123
5. 输入手机号1341234 123
6. 验证码0000
7. 点击注册
[结果]1. 页面显示正常
2. 界面正常跳转
3. 	输入正常
4. 	输入正常
5. 	输入正常
6. 	输入正常
7. 无法点击
[期望]1. 页面显示正常
2. 界面正常跳转
3. 输入正常
4. 输入正常
5. 输入正常
6. 输入正常
7. 注册失败
",激活,2021/1/23,0,否,,石文星,2021/1/12 20:42,主干(#trunk),蔡徐坤,2021/1/12 20:42,,,,0000-00-00 00:00:00,,0000-00-00 00:00:00,0,,验证注册界面账号正确，两次输入密码正确，手机号码为11位包含空格，是否成功(18),石文星,2021/1/13 16:27,
15,停哪儿共享车位(#1),/物业方/用户管理/物业方信息(#38),停哪儿共享车位测试(#1),,,“物业方信息”修改一条信息失败,,2,3,代码错误,Windows 10,chrome,"[前置条件]
用户管理界面中包含修改按钮[步骤]1. 选择一条要修改的用户姓名为“物业407”信息，勾选信息前面的勾选框
2. 点击界面上方“修改”按钮
3. 修改物业名为“物业408”
4. 修改用户电话为“aaaaaaa”
5. 修改物业密码为“123456abc”
6. 点击“修改”按钮
[结果]1. 选择要修改的信息，勾选成功
2. 	界面上方“修改”按钮点击成功
3. 	修改物业名信息成功
4. 	修改用户电话成功
5. 修改密码成功
6. 点击“修改”按钮后，右下角不出现“修改成功”的弹窗
[期望]1. 选择要修改的信息，勾选成功
2. 界面上方“修改”按钮点击成功
3. 修改物业名信息成功
4. 修改用户电话失败
5. 修改密码成功
6. 点击“修改”按钮后，右下角出现“修改成功”的弹窗
",激活,0000-00-00,0,否,,陈,2021/1/12 20:41,主干(#trunk),蔡徐坤,2021/1/12 20:41,,,,0000-00-00 00:00:00,,0000-00-00 00:00:00,0,,“物业方信息”修改一条信息失败(180),,0000-00-00 00:00:00,
14,停哪儿共享车位(#1),/物业方/用户管理/物业方信息(#38),停哪儿共享车位测试(#1),,,“物业方信息”修改一条信息失败,,2,2,代码错误,Windows 10,chrome,"[前置条件]
用户管理界面中包含修改按钮[步骤]1. 选择一条要修改的用户姓名为“物业407”信息，勾选信息前面的勾选框
2. 点击界面上方“修改”按钮
3. 修改物业名为“物业408”
4. 修改用户电话为“13574496868”
5. 修改物业密码为“@@@@##”
6. 点击“修改”按钮
[结果]1. 选择要修改的信息，勾选成功
2. 	界面上方“修改”按钮点击成功
3. 	修改物业名信息成功
4. 	修改用户电话成功
5. 	修改密码成功
6. 	点击“修改”按钮后，右下角出现“修改成功”的弹窗
[期望]1. 选择要修改的信息，勾选成功
2. 界面上方“修改”按钮点击成功
3. 修改物业名信息成功
4. 修改用户电话失败
5. 修改密码失败
6. 点击“修改”按钮后，右下角不出现“修改成功”的弹窗
",激活,0000-00-00,0,否,,陈,2021/1/12 20:39,主干(#trunk),蔡徐坤,2021/1/12 20:39,,,,0000-00-00 00:00:00,,0000-00-00 00:00:00,0,,“物业方信息”修改一条信息失败(181),,0000-00-00 00:00:00,
13,停哪儿共享车位(#1),/抢租客/注册(#7),停哪儿共享车位测试(#1),,,验证注册界面账号正确，两次输入密码正确，手机号码为空，是否成功,,2,2,代码错误,Windows 10,chrome,"[前置条件]
/[步骤]1. 进入停哪儿车位协议首页
2. 点击注册
3. 点击输入账号1245
4. 点击两次输入密码123
5. 输入手机号空
6. 验证码0000
7. 点击注册
[结果]1. 页面显示正常
2. 界面正常跳转
3. 输入正常
4. 输入正常
5. 输入正常
6. 输入正常
7. 点击无反应
[期望]1. 页面显示正常
2. 界面正常跳转
3. 输入正常
4. 输入正常
5. 输入正常
6. 输入正常
7. 注册失败
",激活,2021/1/23,0,否,,石文星,2021/1/12 20:38,主干(#trunk),蔡徐坤,2021/1/12 20:38,,,,0000-00-00 00:00:00,,0000-00-00 00:00:00,0,,验证注册界面账号正确，两次输入密码正确，手机号码为空，是否成功(20),石文星,2021/1/13 16:27,
12,停哪儿共享车位(#1),/抢租客/注册(#7),停哪儿共享车位测试(#1),,,验证注册界面账号正确，两次输入密码正确，手机号码为空，是否成功,,2,2,代码错误,Windows 10,chrome,"[前置条件]
/[步骤]1. 进入停哪儿车位协议首页
2. 点击注册
3. 点击输入账号1245
4. 点击两次输入密码123
5. 输入手机号空
6. 验证码0000
7. 点击注册
[结果]1. 页面显示正常
2. 界面正常跳转
3. 输入正常
4. 输入正常
5. 输入正常
6. 输入正常
7. 点击无反应
[期望]1. 页面显示正常
2. 界面正常跳转
3. 输入正常
4. 输入正常
5. 输入正常
6. 输入正常
7. 注册失败
",激活,2021/1/23,0,否,,石文星,2021/1/12 20:31,主干(#trunk),蔡徐坤,2021/1/12 20:31,,,,0000-00-00 00:00:00,,0000-00-00 00:00:00,0,,验证注册界面账号正确，两次输入密码正确，手机号码为空，是否成功(20),石文星,2021/1/13 16:27,
11,停哪儿共享车位(#1),/物业方/主页(#31),停哪儿共享车位测试(#1),,,验证左箭头控件带杠是否可用,,2,2,代码错误,Windows 10,chrome,"[前置条件]
1.使用物业方角色成功登录停哪儿系统
2.进入物业方主界面[步骤]1. 手动点击底栏左带杠箭头快捷键
2. 观察页面内容
[结果]1. 页面跳转至第一页
2. 页面无数据
[期望]1. 页面跳转至第一页
2. 页面显示第一页数据
",激活,0000-00-00,0,否,,陈,2021/1/12 20:30,主干(#trunk),蔡徐坤,2021/1/12 20:30,,,,0000-00-00 00:00:00,,0000-00-00 00:00:00,0,,验证左箭头控件带杠是否可用(126),,0000-00-00 00:00:00,
10,停哪儿共享车位(#1),/物业方/主页(#31),停哪儿共享车位测试(#1),,,验证右箭头带杠控件是否可用,,2,2,代码错误,Windows 10,chrome,"[前置条件]
1.使用物业方角色成功登录停哪儿系统
2.进入物业方主界面[步骤]1. 手动点击底栏右带杠箭头快捷键
2. 观察页面内容
[结果]1. 页面跳转至最后一页
2. 页面无数据
[期望]1. 页面跳转至最后一页
2. 页面显示最后一页数据
",激活,0000-00-00,0,否,,陈,2021/1/12 20:29,主干(#trunk),蔡徐坤,2021/1/12 20:29,,,,0000-00-00 00:00:00,,0000-00-00 00:00:00,0,,验证右箭头带杠控件是否可用(127),,0000-00-00 00:00:00,
9,停哪儿共享车位(#1),/物业方/主页(#31),停哪儿共享车位测试(#1),,,验证左箭头控件是否可用,,2,2,代码错误,Windows 10,chrome,"[前置条件]
1.使用物业方角色成功登录停哪儿系统
2.进入物业方主界面[步骤]1. 手动点击底栏左箭头快捷键
2. 观察页面内容
[结果]1. 页面向前翻一页
2. 页面无内容显示
[期望]1. 页面向前翻一页
2. 页面显示前一页内容
",激活,0000-00-00,0,否,,陈,2021/1/12 20:29,主干(#trunk),蔡徐坤,2021/1/12 20:29,,,,0000-00-00 00:00:00,,0000-00-00 00:00:00,0,,验证左箭头控件是否可用(128),,0000-00-00 00:00:00,
8,停哪儿共享车位(#1),/抢租客/注册(#7),停哪儿共享车位测试(#1),,,验证注册界面其他正确，不勾选协议，是否注册成功,,2,2,代码错误,Windows 10,chrome,"[前置条件]
/[步骤]1. 进入停哪儿车位协议首页
2. 点击注册
3. 点击输入账号1245
4. 点击两次输入密码123
5. 输入13412341234
6. 验证码0000
7. 选择物业方
8. 不勾选协议
9. 点击注册
[结果]1. 页面显示正常
2. 界面正常跳转
3. 输入正常
4. 输入正常
5. 输入正常
6. 输入正常
7. 输入正常
8. 输入正常
9. 点击注册无反应
[期望]1. 页面显示正常
2. 界面正常跳转
3. 输入正常
4. 输入正常
5. 输入正常
6. 输入正常
7. 输入正常
8. 输入正常
9. 注册失败
",激活,2021/1/23,0,否,,石文星,2021/1/12 20:29,主干(#trunk),蔡徐坤,2021/1/12 20:29,,,,0000-00-00 00:00:00,,0000-00-00 00:00:00,0,,验证注册界面其他正确，不勾选协议，是否注册成功(21),石文星,2021/1/13 16:27,
7,停哪儿共享车位(#1),/物业方/主页(#31),停哪儿共享车位测试(#1),,,验证右箭头控件是否可用,,2,2,代码错误,Windows 10,chrome,"[前置条件]
1.使用物业方角色成功登录停哪儿系统
2.进入物业方主界面[步骤]1. 手动点击底栏右箭头快捷键
2. 观察页面内容
[结果]1. 	页面向后翻一页
2. 页面无内容显示
[期望]1. 页面向后翻一页
2. 页面显示后一页内容
",激活,0000-00-00,0,否,,陈,2021/1/12 20:28,主干(#trunk),蔡徐坤,2021/1/12 20:28,,,,0000-00-00 00:00:00,,0000-00-00 00:00:00,0,,验证右箭头控件是否可用(129),,0000-00-00 00:00:00,
6,停哪儿共享车位(#1),/物业方/主页(#31),停哪儿共享车位测试(#1),,,验证下拉框数字控件是否可用,,3,3,代码错误,Windows 10,chrome,"[前置条件]
1.使用物业方角色成功登录停哪儿系统
2.进入物业方主界面[步骤]1. 点击页面下方数字下拉框
2. 选择数字10
[结果]1. 	成功打开下拉框
2. 数据库有数据，页面无显示
[期望]1. 成功打开下拉框
2. 页面自动刷新一页显示10条数据
",激活,0000-00-00,0,否,,陈,2021/1/12 20:28,主干(#trunk),蔡徐坤,2021/1/12 20:28,,,,0000-00-00 00:00:00,,0000-00-00 00:00:00,0,,验证下拉框数字控件是否可用(130),,0000-00-00 00:00:00,
5,停哪儿共享车位(#1),/物业方/主页(#31),停哪儿共享车位测试(#1),,,验证下拉框数字控件是否可用,,3,3,代码错误,Windows 10,chrome,"[前置条件]
1.使用物业方角色成功登录停哪儿系统
2.进入物业方主界面[步骤]1. 点击页面下方数字下拉框
2. 选择数字20
[结果]1. 	成功打开下拉框
2. 数据库中有数据，页面无显示
[期望]1. 成功打开下拉框
2. 页面自动刷新一页显示20条数据
",激活,0000-00-00,0,否,,陈,2021/1/12 20:26,主干(#trunk),蔡徐坤,2021/1/12 20:26,,,,0000-00-00 00:00:00,,0000-00-00 00:00:00,0,,验证下拉框数字控件是否可用(131),,0000-00-00 00:00:00,
4,停哪儿共享车位(#1),/物业方/主页(#31),停哪儿共享车位测试(#1),,,验证左箭头控件带杠是否可用,,2,2,代码错误,Windows 10,chrome,"[前置条件]
1.使用物业方角色成功登录停哪儿系统
2.进入物业方主界面
[步骤]
1. 手动点击底栏左带杠箭头快捷键

2. 观察页面内容
[结果]
1. 页面跳转至第一页

2. 页面无数据
[期望]
1. 页面跳转至第一页

2. 页面显示第一页数据
",激活,0000-00-00,0,否,,陈,2021/1/12 20:24,主干(#trunk),蔡徐坤,2021/1/12 20:24,,,,0000-00-00 00:00:00,,0000-00-00 00:00:00,0,,验证左箭头控件带杠是否可用(126),,0000-00-00 00:00:00,
3,停哪儿共享车位(#1),/物业方/主页(#31),停哪儿共享车位测试(#1),,,验证下拉框数字控件是否可用,,3,3,代码错误,Windows 10,chrome,"[前置条件]
1.使用物业方角色成功登录停哪儿系统
2.进入物业方主界面
[步骤]
1. 点击页面下方数字下拉框

2. 选择数字40
[结果]
1. 	成功打开下拉框

2. 数据库中有数据，页面无显示
[期望]
1. 成功打开下拉框

2. 页面自动刷新一页显示40条数据
",激活,0000-00-00,0,否,,陈,2021/1/12 20:21,主干(#trunk),蔡徐坤,2021/1/12 20:21,,,,0000-00-00 00:00:00,,0000-00-00 00:00:00,0,,验证下拉框数字控件是否可用(133),,0000-00-00 00:00:00,
2,停哪儿共享车位(#1),/物业方/主页(#31),停哪儿共享车位测试(#1),,,验证下拉框数字控件是否可用,,3,3,代码错误,Windows 10,chrome,"[前置条件]
1.使用物业方角色成功登录停哪儿系统
2.进入物业方主界面
[步骤]
1. 点击页面下方数字下拉框

2. 选择数字40
[结果]
1. 	成功打开下拉框

2. 数据库中有数据，页面无显示
[期望]
1. 成功打开下拉框

2. 页面自动刷新一页显示40条数据
",激活,0000-00-00,0,否,,陈,2021/1/12 20:19,主干(#trunk),蔡徐坤,2021/1/12 20:19,,,,0000-00-00 00:00:00,,0000-00-00 00:00:00,0,,验证下拉框数字控件是否可用(133),,0000-00-00 00:00:00,
1,停哪儿共享车位(#1),/抢租客/注册(#7),停哪儿共享车位测试(#1),,,验证各栏位为空时，点击注册是否有必填项提示,,4,4,代码错误,Windows 10,chrome,"[前置条件]
/
[步骤]
1. 进入停哪儿车位协议首页

2. 点击注册查看
[结果]
1. 页面显示正常

2. 不出现各栏位错误提示
[期望]
1. 页面显示正常

2. 出现各栏位错误提示
",激活,2021/1/23,0,否,,石文星,2021/1/12 20:19,主干(#trunk),蔡徐坤,2021/1/12 20:19,,,,0000-00-00 00:00:00,,0000-00-00 00:00:00,0,,验证各栏位为空时，点击注册是否有必填项提示(1),石文星,2021/1/13 16:27,
